url,review_text,star
https://www.amazon.co.jp/product-reviews/4004317894,"本書のタイトルだけ見ると、奴隷船の特集かな、と思いがちだが、奴隷船を通して、欧米の白人が行った奴隷貿易・奴隷制、それらに対する反対・廃止運動が克明に描かれている。特に奴隷貿易に関しては初歩から理解できるほどである。
悲しい事だが奴隷制は過去、世界のどの地域にも存在した。ヨーロッパは言うに及ばず、イスラム圏、アフリカ、アジアにも存在した。（日本にも奴婢と呼ばれる奴隷がいた）
しかしながら、本書に示されているように、ここまで大々的・徹底的に奴隷を売買したり、強制労働などで苦しめてきたのはヨーロッパの白人だけである。本書では奴隷船の図案も掲載されているが、こんな劣悪な環境に長い間閉じ込めておくなど、人間の所業ではない。
しかしながら、奴隷貿易・奴隷制に根強く反対し続けたのもまた白人だ。（全体的に見れば少数ではあるが）反対派の白人がいなければ、奴隷貿易・奴隷制はもしかしたら今も続いているかもしれない。しかし、奴隷貿易・奴隷制を廃止に追い込んだのは快挙ではあるけれども、それによって過去に白人によって犯された罪がいささかも減じられる事はないだろう。
19世紀に奴隷制は廃止されたが、現代の21世紀では新たな奴隷制が登場している。世界全体で数千万人はいると推計されているその新奴隷制の定義とは、「金もうけのための、完璧な使い捨て器具」のような存在で、女性と子供がほとんどである。新奴隷制には3種類あるそうだが、このうちの契約奴隷制は、本書の説明通りならば、現代の日本にも存在する。外国人実習生・偽装留学生問題がそれに該当するだろう。自分の身近にも奴隷は存在するのである。
人間が生きる限り奴隷はいなくならないのだろうか。考えさせられる内容だった。",5.0
https://www.amazon.co.jp/product-reviews/4004317894,"力作で、私にとって初めて知る内容も多く、一気に読めた。これは私にとっては、奴隷労働と奴隷貿易への入門書であると同時に、さらなる問題提起の本となった。
無知をさらすようで恥ずかしいが、私は今まで、白人たちがアフリカにおいて黒人たちを無理やり拉致し奴隷船に詰め込んだと思っていた。ところが黒人奴隷を拉致し、奴隷商人に売りさばいていたのは、当のアフリカの黒人王朝支配者たちだったのだ。ユダヤ人を強制収容所に送り込む片棒を担いだユダヤ人ボスがいたことを暴露したハンナ・アーレントを思い出した。
さらに私は奴隷船に奴隷をすし詰めにし、大西洋を横断し、その間に半数近い奴隷が圧死したと思っていた。ところが、精密な資料によると、死亡率はだいたい多くて13パーセント程度だったとのこと。もちろんこれは、奴隷船が快適なものであったということではない。身動きもならぬ不衛生な劣悪な環境、日常的な鞭打ち拷問などが行われていたが、一方で「商品」としての奴隷の価値や数を減じないため、一日に一度は甲板で躍らせたり、自殺を防止するための柵を作ったりと、より冷徹で効率的な「商品管理」が行われていたということらしい。もちろん、奴隷船に乗せられるまでの死亡率や、イギリス海軍に拿捕されたときに海に投げ込んだ奴隷数はわからない。いずれにせよ、歴史を見るときには冷静で実証的な目が必要だといえる。
そして、奴隷労働が資本主義発展のための資本の蓄積、基礎を作ったこと、そして、今日に続く先進国での消費生活が途上国の奴隷労働に支えられていること。しかし、私が思うに、これはなにも資本主義に限ったことではなく、ソ連をはじめとした社会主義国でも、大量の政治犯や戦争捕虜による強制収容所での奴隷労働が発展の基礎を作ったのではないかと考える。そういう点で、この書は多くの問題意識の喚起を促してくれる。
もう一つ、この書では、ハイチの奴隷反乱と独立が、各地の奴隷解放運動に大きな影響を与えたとしている。しかし、この本には書かれていないが、その後のハイチの歩んだ悲惨な道と、世界の最貧国となった現状を考えると、急激な破壊と変化は、むしろ、より悲惨な地獄を現出させるのではないかと思わせる。それは、今日のアラブの春以後のリビアやチュニジア、フセイン政権が倒れたあとのイラクを見れば明らかではないかと思う。我々は教訓から学ばなければならないと思う。
この本では、イギリスを中心とした奴隷貿易廃止、奴隷制廃止の運動が、クウェーカー教徒や、イギリス国教会福音派を中心としたキリスト教徒の宗教的動機が原動力であったと書かれているが、唯物史観に毒された私には、経済的政治的な背景や、動機がないと納得できないという悪い癖がある。その辺のところはこれからの研究に待つしかないのか、私にはわからない。",5.0
https://www.amazon.co.jp/product-reviews/4004317894,"『奴隷船の世界史』（布留川正博著、岩波新書）は、｛近代世界と奴隷貿易｝、「奴隷船を動かした者たち」、「奴隷貿易廃止への道」、「長き道のり――奴隷制廃止から現代へ」の各章で構成されているが、私にとってとりわけ勉強になったのは、「近代世界と奴隷貿易」によって、奴隷制の世界史的意味を把握できたことです。

私の敬愛する、あのロビンソン・クルーソーも黒人奴隷貿易に手を染めていたという指摘には、正直言って、腰が抜けるほど、びっくりしました。「ロビンソン・クルーソーの物語は、当時、海ないし海外には富を得るための種がごろごろと転がっていたことを教えてくれるのである。そのなかでも大西洋奴隷貿易は、利益を生みだすもっとも重要度の高い貿易の一つであった。18世紀のイギリス商人マラキー・ポスレスウェイトは、奴隷貿易が『全商業の根源であり、基礎であり、全装置を動かす主ぜんまいに相当する』と述べている。ロビンソン自身も、失敗はしたものの、奴隷貿易の可能性を認識していたのである」。

「ところで、奴隷貿易は通常『三角貿易』の構造をもっていた。奴隷船は主としてヨーロッパの各港から、取引に使う商品群を積んでアフリカに向かう（第1辺）。アフリカの貿易拠点では、これら商品群と交換に奴隷が購入され、船に積み込まれ、大西洋を渡って――これを『中間航路』という――カリブ海諸島（西インド諸島）を含む南北アメリカの各地に上陸する（第2辺）。ここで奴隷が砂糖やコーヒー、綿花などの植民地物産と交換され、ヨーロッパの本国に向かい、売却される（第3辺）」。

この三角貿易の重要性に注目し、それが莫大な利益をあげたと喝破したのが、エリック・ウィリアムズである。彼は、その主著『資本主義と奴隷制』（1944年）のなかで、三角貿易はイギリスの産業にとって一石三鳥のはたらきをしたと述べている。すなわち、イギリス製品にとっての市場を提供し、イギリス人その他が欲する物産を生産し、また、産業革命の資金需要をまかなう資本蓄積の主要な源泉となったのである。資本主義発展の中心には奴隷貿易および奴隷制があったと、彼は強調した」。

「大西洋奴隷貿易に関する研究で金字塔を打ち立てたのは、アメリカの歴史家フィリップ・D・カーティンの『大西洋奴隷貿易――その統計的研究』（1969年）である。彼はこの研究書で、大西洋奴隷貿易に関する推算値を算出した」。

その後の多くの研究者による研究を踏まえ、「奴隷貿易航海が組織された主要20港を出航した船舶で輸送されたアフリカ人奴隷数（1501～1867年）」は、合計8,356,000人と算定されています。なお、航海中の奴隷死亡率は14.5％と推算されています。",5.0
https://www.amazon.co.jp/product-reviews/4004317894,"タイトルは奴隷船ですが、これを基軸に奴隷制度、叛乱、廃止運動等、実に詳細に解説されています。
膨大な資料に裏打ちされた描写が生々しくもあり、人間の業の深さを思わざるを得ません。
シエラレオネの歴史、キリスト教的なものの考え方など、勉強になる点も多数。
ただ、なじみのない人名、地名が多く、読み進めるのが大変なので時間とメンタルに余裕があるときに。",5.0
https://www.amazon.co.jp/product-reviews/4004317894,"奴隷貿易と廃止運動400年の歴史を描いている。西アフリカからカリブ海・ブラジルへ輸出された奴隷は、ヨーロッパからアフリカへの酒や織物などの物産輸出、さらには中南米からヨーロッパへの砂糖輸出という、いわゆる大西洋三角貿易の一角を作っていた。

奴隷などの数量を一次史料から科学的に推算するスタイルが確立されるようになって、奴隷貿易の研究は近年急速に進んでいるという。注目すべきは、奴隷貿易には3万5000回分の航海記録を取り込んだデータベースである。DBの集計によると400年でおよそ1250万人の奴隷が輸出され、1070万人が新大陸に上陸したとのことである。死亡率は14％に上る。きつかったのは奴隷だけではない。人さらいのように連れてこられた水夫の死亡率も奴隷と同等以上だったというから驚く。

奴隷貿易は、拿捕・沈没・叛乱などで元手がパーになるリスクもあり、破産した出資者もいた。一方、相当もうかる事業だったのも確かで、リターンは出資額の100％を超えたという。本書の後半は、奴隷貿易廃止運動に充てられている。奴隷貿易を始めたのはヨーロッパ人だが、終わらせたのもヨーロッパ人である。非人道性が知られるにつれ、砂糖不買運動などが英国で行われるようになった。19世紀初頭に世界で先行して奴隷貿易を廃止した英国が19世紀の覇権国だったことから、大西洋全域で奴隷船の拿捕を行い、19世紀後半には「奴隷貿易廃止」を大義名分にアフリカ諸王国へ乗り込み、植民地化を推し進めることになる。

奴隷貿易データベースは、英国議会のほか、スペイン・ブラジル・アンゴラの公文書から採録されている。ブラジルでは貿易廃止により大半が破棄されていたというが、地方の市公文書館にあったという。どこかの国をあてこするわけではないが、内戦続きの政情不安国ですら公文書を何十年も保管しているのに、ヤバいとなると数か月前の公文書も裁断する先進国もある。奴隷貿易の研究は、世界各国が保管していた数百年前の公文書がつながることで初めて飛躍的に進んだ。本書を読んで、「大量の史料を計量的に用いる」手法のすごみを再認識するとともに、どこかの国ではこのような研究の進歩は無理だろうな、と感じた。",4.0
https://www.amazon.co.jp/product-reviews/4004317894,"白人による黒人・有色人種の奴隷制度は、建前としては１７８９年のフランス革命からてアメリカ南北戦争、南アフリカのアパルトヘイト等をへて廃止されました。
しかし、第二次世界大戦後の２０世紀アメリカでも、公民権法はできても、州立大学には州兵を配置し「黒人」の入学を阻止しようとした事件もニクソン大統領の時にありましたね。
今日でも、白人警官が直に黒人容疑者に発砲する事件はあとをたちません。
黄禍論による内心の差別は「白人」から消えませんね。
経済面でも、子供・女性を安く劣悪な条件で奴隷労働をさるのが、南米やアフリカ、アジアでも行われています。

我が国日本も経済停滞のここ20年「非正規従業員」という名の「劣悪な労働環境下の若者・中年」が増えています。
世間でいうブラック企業・サービス残業、・・言葉も定着しました。我が国における「人間差別」についても考えさせられました。71歳",5.0
https://www.amazon.co.jp/product-reviews/4898317936,"朝鮮半島国家に独自の文明を持つ集合体が現れたことは、未だかってない。
北のシナ、南の日本に挟まれた只の通過点としての南北の回廊であった。だから、文化も根付かなかった。
そして、周辺大国の勢力争いにより常に国内が分断され、その都度「事大主義」で動いた。
オリジナルは育たず歴史書は１２世紀、文字は漸く１５世紀に持つことができた。
日本が導入した律令制も新羅にはなかった。彼らには興味がなかった。
李氏朝鮮時代の両班は、奴婢たちを同じ人種とは思っていなかった。儒教に凝り固まった彼らは、体を動かすのを嫌い奴隷を使った。
流刑地である済州島はの人間は、徹底的に差別された。在日コリアンの多くは済州島から逃げてきた人たちである。
朝鮮民族の概念は、日本の併合によって生まれた。そして、未熟ではあるが近代的個人も生まれた。

中国史の本質は、「水滸伝」である。「共産主義革命」と雖も毛沢東以来の権力闘争は、水滸伝を一歩も出ていない。そこに、イデオロギーは認められない。「長征」なるものも大嘘で実態は、敗走逃亡であり仲間を見殺しにした毛の独裁確立のプロセスであった。
「中華民族」と一括される「中国人」は実は、多民族の集団であり習慣・習俗・文化が異なり、国民国家たり得ない代物である。なので、ウィグル、チベット、モンゴル等民族浄化作戦を実施中であり彼らを中国の土地から消し去ろうとしているのである。
古代宗教だった頃の儒教は死者の命日に直系男系子孫を形代（身代わり）として先代の頭蓋骨を頭にかぶせ魂魄を憑りつかせた。やがて、それがマスクに、形代が木の板に代わり位牌となった。「偶」は、もともと「巫祝」（シャーマン）のことで謂わば葬祭業者として祭祀や儀礼を司る人であった。
後漢の時代に国教となり、その後のシナ文明に多大な影響を与えた。

１００年前の中国は、近代国家でなかった。朝鮮の場合、李氏朝鮮は、古代国家であったし近代とは、１９１０年の朝鮮併合以降である。
「蒙古」を「韃靼」と呼び替えるようにシナの正史は「建前」で述べるので注意が必要である。
中国の近代史は、日清戦争（１８９４～１８９５）から始まった。ところが、中国は１８４０年のアヘン戦争からだとしている。これは、共産党の歴史的正統性主張のための毛沢東の深謀である。
日露戦争は、謂わば列強の代理戦争であった。
現代中国語の七割は明治の日本が創った熟語で、朝鮮・韓国語はハングルを止めれば日本語の語彙ばかりとなる。
アジアの近代化は、日本から始まったのである。そして中国は、それを逆輸入したのであった。
中国人は、日本人のように「血」や「言語」のアイデンティティを持たない。その意味では、「中国人」と云う民族は存在せずその実態は、無きに等しい。
１９０６年～１９１９年迄の四半世紀で延べ十万人を超える日本留学生が来た。彼らが持ち帰ったものが現在の中国文化の基礎を作った。中国は、日本文化圏となったのである。
但し、彼らのメンタリティーは日本人と異なる。新幹線の技術導入をしたがもっと速くするといううもので、安全のためのメンテナンスやモラル、サービスは全く念頭にはなかった。

歴史は、法廷ではない。
現在、統治している支配層の正当性の物語である。
つまり、その時点での勝利者が創るのである。",5.0
https://www.amazon.co.jp/product-reviews/4898317936,"韓国史と中国史について正しくキチンと書いてある書籍。
これを読むと韓国史はファンタジーであり、中国史はプロパガンダである事が理解できます。

とくに韓国にはオリジナルの文化が根付いたことは一度もなく、
それが故に日本人に妬みの感情を抱き、憎むのだな、と理解できます。

現在の日韓関係を拗れさせる原因となっている韓国人の歪んだ洗脳教育と、
北朝鮮人の独裁体制の基礎となっている民族性を形成した理由がよく理解できます。

日本人は絶対にアノ民族と付き合ってはいけない、と強く感じました。",5.0
https://www.amazon.co.jp/product-reviews/4898317936,"宮脇淳子氏の物凄く長い期間苦境のなかで続けられている研究活動がなければ、日本に中国と韓国の嘘の歴史が知らされ続け、その活動の後継者が今のように増えることは難しかったかもしれないし、もっと時間が掛かったのだろうと感じる。
韓国については、もともと朝鮮民族というものは存在せず、女真族から続く系譜の民族であり、満州に残った女真族が満州族という名前に変えた民族や、モンゴル民族、シナ系の多種の民族に侵略され続けた歴史を持つ複雑な混血が続いた民族のようだ。「魏志倭人伝」には朝鮮半島南部に倭種（日本人または日本人との混血？）も居たというし、日本特有の前方後円墳も見つかっている（韓国政府が壊してしまった）。

ちなみに、約千年前の源氏物語が書かれた平安朝一条天皇の時代に、一条天皇の最初の后（定子:1000年に死亡）の弟である体育会系の藤原隆家が志願して大宰府に着任したが、そのとき朝鮮半島から刀伊（とい）と呼ばれる女真族が来襲したのに対抗して九州中の豪族に召集をかけて応戦、敵に多大の損害を与え退散させたようだ（山本淳子著「源氏物語の時代　一条天皇と后たちのものがたり」p62）。
「刀伊」については広辞苑第六版にも記載があり、今の中国黒竜江省方面に住んでいた女真人。1019年（寛仁3）筑前・壱岐・対馬などに来襲（刀伊の入寇）、とある。朝鮮民族の祖先が女真人だという証拠かも。

朝鮮半島に住み続けた人たちは20世紀の初め頃まで「非常に穢い、未開の人達だった」というのはイザベラ・バードの「朝鮮紀行」でも良く知られている。
現在の韓国があるのは、日本が自国の多大な税金を投入したおかげである、ということをいずれは韓国に徹底的に知らしめなければならない。日清戦争、日露戦争という多大な犠牲も払わされたのだ。しかしそろそろ、少しづつそういう活動の気配を感じるのは喜ばしいことだ。

中国は、もう書く気がしない。",5.0
https://www.amazon.co.jp/product-reviews/4898317936,"もっとほしい情報はあるが、百済・新羅は古代日本の臣下に下ったことは、広開土王碑で明らかになった。これは特に中国社会科学院が拓本を残してくれたことが、ありがたい。それでも韓国は否定する。そして、教科書には出てこない史実の部分は、多くは現在の韓国が破壊や隠ぺいしてしまったことが著しい。こうしたことは、繰り返し書籍として書かれる必要がある。1000回言えば嘘も本当になると信じている国なのだから、繰り返し正当性を主張することが必要である。
読んでいて、それなりにすんなり頭に入るので、読みやすい内容であった。",5.0
https://www.amazon.co.jp/product-reviews/4898317936,タイムリーな著作だと思いますがもっともっと多くの人に読んでいただきたい。昨今の韓国・中国への見方が変わってきます。深い語学力ー決して借り物でなく調べ上げた素晴らしい著作だと思います。宣伝してください。,5.0
https://www.amazon.co.jp/product-reviews/4898317936,"歴史が史実ではなく、政治的なものである2か国について、斬新な見解を述べている。
特に、中華人民共和国で用いられている言葉の非常に多くが和製漢語であることを記載している箇所は衝撃が大きい。
あれもこれも、日本から伝わって向うの言葉になったのだ。
日本に学び、影響を受けたことは、毛沢東が書いた歴史に無いので、現在は完全に忘れられているとか。
冗談じゃない。日本が東アジアの歴史に対して成し遂げたことを正確に学んで次世代に生かそう！",5.0
https://www.amazon.co.jp/product-reviews/4898317936,お人好しな我々日本人は話せば分かると思っていますが、この本でシナと朝鮮の歴史を知ると、それは幻想に過ぎないと言うことを思い知らされました。彼等とは根本的には分かり合えない！「和を以て尊しとなす」や「恥を知る」などの日本の美徳は彼等には通用しない、ということを認識した上で付き合っていくことが肝要なのですね。自虐的で支離滅裂な日本の朝日や毎日などの一部のメディアの方々にも熟読していただきたい良い本です。,5.0
https://www.amazon.co.jp/product-reviews/4898317936,"「最近の中国と韓国の歴史改竄は深刻なものとなっている。国家の正統性に自信がない韓国は歴史を塗り替え続けたあげく、北朝鮮によって国を滅ぼそうとしている。～後略～」（著者）。
韓国の文政権は2018年8月29日、ソウル市内に「植民地歴史博物館」を開館したが、その目的とするところは「日本帝国主義による侵奪の歴史と、それに加担した親日派の行為、輝かしい抗日闘争の歴史を記録し、展示する韓国初の日帝強占期専門歴史博物館です」とある。この8月29日は「韓国併合に関する条約」が発効した日であり、この博物館を設立した国体民族問題研究所は実は「徴用工裁判」も支援している。

もうおわかりのように、文政権は日韓に横たわっていた解決済みの「慰安婦」や「徴用工」などの歴史問題を次々と掘り返し、韓国国民の反日意識を煽り、故意にそれが早期に解決されないようとしているのだ。

なぜならそれは北朝鮮との南北が統一するまでの時間を稼ぐことが目的で、過去の戦後補償、1965年に韓国は日韓基本条約で日本から5億ドル（日本円で1800億円)もの莫大な補償費を得て経済発展に充てた経験から、今回もそれら補償金を文政権の悲願ともいうべき、南北朝鮮の統一国家の建設資金に充てようとしているのは明白なのである。

日本は安易にその挑発に乗ることなく文政権の本当の真意というものを見極め、毅然たる態度で臨まなければならないし、今後、もう二度と朝鮮民族と関わらないことが最良の道であると思われる。",5.0
https://www.amazon.co.jp/product-reviews/4898317936,"本書は、三部より成っています。
第一部の内容は「朝鮮・韓国」、第二部が「チャイナ」、第三部が「モンゴル、チベット、ウィグルとチャイナとの関係」。

一部を読むと、日本に併合される前の李朝時代、実際には半島は貧しく、豊かな半島に日本が略奪行為を行ったわけではないことが納得できます。また、韓国の歴史ドラマが願望に立脚したフィクションであるという事実も正確に指摘されています。

二部では、現在、チャイナで使われている単語の多くが日本由来であり、それどころか、現在の「中国語」は文法レベルでも日本語の多大な影響を受けているという、多くの人々の知らない事実も披露されています。

三部では、漢人によるモンゴルやチベット、ウィグルの併合に正当な根拠など無いことが筋道を立てて説明されています。

「彼ら」の詭弁や虚偽を見抜くのに有益な一冊ですので、是非、一読されることをお勧めします。",5.0
https://www.amazon.co.jp/product-reviews/4898317936,"韓国、中国のことはそれなりに知っているつもりだが忘れていることも多しで、ポイントついた重要事項をコンパクトに書いてあるのでわかりやすく嬉しい。
また全く無知と言っていいウルグイ、チベット、モンゴルの歴史は勉強になったし、植民地化し残虐非道を行っている中国の悪さ、愚かさの記述には拍手を送りたい。
流石宮脇先生です、偉い。
身近な国、韓国、中国の激化する無謀に対して、過去の歴史踏まえ知っておくことは重要だし、とてもためになる期待通りの本でした。",5.0
https://www.amazon.co.jp/product-reviews/4898317936/ref=cm_cr_arp_d_paging_btm_next_2?pageNumber=2,兎に角これまで知らなかったことの多さに恥ずかしくなった。日本の隣国についてよく知ることは、大切なこと。何が正しいのかを判断するのは、各自の基準に基づくが、とんちんかんなスケールで物事の良し悪しを判断するのは、やはり危険なことだとあらためて感じる。,5.0
https://www.amazon.co.jp/product-reviews/4898317936/ref=cm_cr_arp_d_paging_btm_next_2?pageNumber=2,"おもしろいけれど、いろいろな歴史的事実も断片的で、しかも注や参考文献がない。
内容は現代知識人には最低限必要な事項で、世界諸問題理解には欠かすことのできない事柄だ。
よむべし。",3.0
https://www.amazon.co.jp/product-reviews/4898317936/ref=cm_cr_arp_d_paging_btm_next_2?pageNumber=2,中国の歴史はプロパガンダ、韓国の歴史はファンタジーであることを、実例を挙げて論じてます。,5.0
https://www.amazon.co.jp/product-reviews/4898317936/ref=cm_cr_arp_d_paging_btm_next_2?pageNumber=2,"宮崎淳子さんの作品を初めて読んだ。中国・韓国の動きや対日スタンス等に関して、此れまで幾多の尊敬する国際政治学者の発言を聞いてきたが、本書における歴史学・言語学・文学を融合した人文学的立場からの中国・韓国論は、その高い独自性、真実を射抜く鋭さ、そして分かり易さから大いに感銘を受けた。

日中韓3国の歴史の捉え方に関する国際政治学者藤井厳喜さんの次の発言が引用されている：日本では、歴史は「ヒストリー」、中国では「プロパガンダ」、韓国では「ファンタジー」と呼ばれる。この捉え方は、確かに夫々の国の社会生活や政治活動の大きなベースだろうと思う。

李承晩も毛沢東も自分に都合のいいように歴史を捏造・改竄し、その結果国民から歴史の真実を学び、事の是々非々を自らの頭で判断するという場を奪ってしまったことが両国の今日の悲劇の主因だと思われる。特に韓国においては、政権の都合に合わせて激しく歴史を作り上げてきたため、国民が冷酷な国際社会の現実を正しく見つめる能力を退化させ、常に相手に責任を擦り付けるといった稚児の劇画的行動に出てしまう。中国においても、人類が拠るべき自由、民主主義から外れた共産主義なる一部の特権階級のための政治体制を何時までも維持できるとは思われず、本土内における香港化の頻発で北京政府が人権に関する人類普遍のルールに座を明け渡すことになるだろうと思う。

現在話題沸騰の国々に関する本書の歴史学、言語学、文学の融合による情勢分析は、他書籍には見られない奥深さと新鮮さを与えてくれる作品だと思う。以上",5.0
https://www.amazon.co.jp/product-reviews/4898317936/ref=cm_cr_arp_d_paging_btm_next_2?pageNumber=2,李氏朝鮮は法治国家ではなく人治国家であったという。　王が変わるたびに法律が変わっていた。　この風習が現韓国政権にもみられるという。　先祖帰りである。　近代的な民主国家であるはずの韓国が王の独裁政権に後戻りしたのである。　文氏は弁護士というが国際法も人権保護も学んでいない欠陥弁護士である。　スターリンが最高裁長官や検事総長をシベリア送りにしたと同じ愚行を繰り返している。　三権分立と言いながら司法は大統領の支配下にある。　韓国は２０００年間で４００回近くの侵略を受けてきた哀れな国家である。　丙子胡乱では清に屈服して大清皇帝功徳碑をソウルに立てている。　これは屈辱碑で日清戦争後地中に埋められた。　韓国は奴隷制度をもつ身分社会であった。　一割を満たない両班が農民を搾取、支配する貴族社会であった。　日本は奴隷制度のない近代社会であった。　ここに日韓のメンタリテーの根本的な相違がある。　人種差別を国是とする国家とすべての人間を平等とみる国家の対立である。　政権が交代すれば残酷な報復人事が行われる。　歴代大統領が獄舎に行くのも当然なのである。　福沢諭吉は韓国を野蛮を通りこして妖魔悪鬼の地獄国と評している。　このような未開の蛮族が隣にいることに日本人は気付かねばならない。,5.0
https://www.amazon.co.jp/product-reviews/4898317936/ref=cm_cr_arp_d_paging_btm_next_2?pageNumber=2,韓国の人は、中国文化が韓国経由で日本に伝わった・・そこで、韓国が「兄貴」で日本は「弟」・・物事がある程度、分かる韓国人でも、このくらいは語りますね。確かに李朝の陶磁器は有田焼や薩摩焼になった。しかし、仏教や他の文化はなぜ韓国にほとんど無いのか？・・本著によると、古代から地理的に、多くの民族（モンゴル人・満洲族・漢民族などが行き来し、固定した「民族」は存在しなかった。我々も高校日本史で大和朝廷のころ、朝鮮半島は「高句麗」「新羅」「百済」「任那」の4国に分かれていた、と教わりましたね。・・本書では、「朝鮮民族は虚構・・」「歴史はファンタジー・・」（P47～）。はなぜ韓国の老人は「白」の服装が多いのか？・・染料が無かった、（韓流ドラマでは色鮮やかな服が沢山登場しますが）。韓国人には「恩」という発想がない（P62)。支配者が頻繁に変われば、国の法とか、職場の恩人など存在せず、現在の「自分と一族」だけが大事で、「法の支配」でなくて、「人の支配」（18世紀のフランス革命以前）が今も生きているる。・・・「なぜ、「拉致被害者問題」でモンゴルで蓮池夫婦が孫娘と合えたのか？・・北朝鮮とモンゴルの深い関係。などなど、多くのことが本書で「謎解き」できました。江上波夫先生の「騎馬民族征服説」の誤りもそうでした（P54)。・・日本と何から何まで違うお隣「韓国」とどう付き合えば良いのか分かりませんね。・・７１歳,5.0
https://www.amazon.co.jp/product-reviews/4634030888,５０を過ぎて世界史にはまり、まずは定番の山川世界史Ｂを買ってみたら、本書の存在を知った。内容・分量的には教科書世界史Ｂを１．３倍くらい詳しくして、絵柄の資料も豊富にした、というところか。受験生にも世界史好きやもっと調べたい派には向いていると思う。申し訳ないが受験は終わったオジサン方にはゆっくり楽しめるものがいい。世界史全体ならこれで必要十分だろう。さらにやりたい方は各々専門を当ればよいと思う。,5.0
https://www.amazon.co.jp/product-reviews/4634030888,"高校時代から断片的に頭に入っていた事項を整理して理解するのには絶好だった。
とくに日本歴史の流れと対照して理解できたのは収穫だった。
この1冊に全てを詰め込んだので凝縮され過ぎ、字も小さいので読むのが疲れるのが欠点か。",4.0
https://www.amazon.co.jp/product-reviews/4634030888,"高校で圧倒的なシェアを持っているであろう，山川出版社の教科書「詳説世界史B」を，より詳細にした，まさに世界史の参考書の中の参考書。
以前，佐藤優が「大学への日本史」を持ち歩いていた，といったような話をしていたが，この「詳説世界史研究」も大人が傍におくべき一冊ではないだろうか。
新版になり，文章も読みやすく，図版も美しい。

もちろん，この一冊で偏りなく全てが網羅されているわけではないが，世界の歴史の見取り図を頭の中に作る手掛かりとして，扱いやすい一冊だと思う。",5.0
https://www.amazon.co.jp/product-reviews/4634030888,内容もよいですが、巻末のブックガイドが役に立ちました。おすすめです。,5.0
https://www.amazon.co.jp/product-reviews/4634030888,"１０年前、旧版を読んだときは、個人の努力が足りないのか、世界史再勉強のつもりで読んだのに、まだこの本を読みこむ基礎的知識が足りなかったのか、なかなかにしんどかった。で、苦節（？）１０年、おもむろにこの改訂版を読みだすと、なるほど基礎的条件に達しているのか、よくわかる、よくわかる、何しろ読みやすくはなっている。

しかし全16章を総勢18名で分担執筆していることの弊害は出るわ、出るわ。書きぶりが一定していない、だれがどの部分を担当するかの役割分担がきっちりとしていない。で、説明不足、出てくる史実の順序の逆転現象等々、まあ、いろいろとある。
第5章の3と4は順序を逆に掲載したほうがよかった。アロー戦争の説明はなかった。398ページに初めて出てくるファショダ事件の説明はずうっと後ろ。等々、読者としては、ストレスがたまる部分が少なからずある。

しかし多くの歴史地図は、情報量が多く、印刷もきれいで、なかなかに使い勝手がいい。",5.0
https://www.amazon.co.jp/product-reviews/4634030888,旧版から、趣味で歴史の本を読む際に、予備知識をまとめる為に使用しています。先に改訂された、詳説日本史研究のレビューが、前回と変わりないとのコメントがあり、出版前から予約していた身としては少し不安でした。それは杞憂でした。全面的に書き直されているようです。旧版では、時系列が前後してわかりにくい部分があったり。流れが掴みにくい部分がありましたが、読みやすくまとめられていました。全部は見比べていませが、内容も整理されているのか、ページ数は旧版が574ページに対して541ページとなっています。これぐらいが丁度良いのではないでしょうか。,5.0
https://www.amazon.co.jp/product-reviews/4634030888,"信頼できる世界史の通史が少ないので、書店で内容を見たうえで、
注文しました。もう少し、エピソード的なものが入っていると、
もっと理解しやすくなると思います。",5.0
https://www.amazon.co.jp/product-reviews/4634030888,教科書のように出来事に羅列だけでなく、多面的な考察がわかりやすく書かれているので、世界史を概観するのに良い本だと思います。,5.0
https://www.amazon.co.jp/product-reviews/4634030888,かつて高校時代に山川の世界史で勉強していた。この詳説世界史はそれよりも詳しく記述されていて読んでて楽しくなる。,4.0
https://www.amazon.co.jp/product-reviews/4634030888,非常にわかり易く、他の皆さんがコメントしておられる通り大変良い内容のお勧めの一冊だと思います。,5.0
https://www.amazon.co.jp/product-reviews/4634030888/ref=cm_cr_arp_d_paging_btm_next_2?pageNumber=2,"ページ数が500ページありまだ読み切れていませんが、単純に読み物として面白いです。
高校の時も山川の世界史で勉強しましたが、面白いと思ったことはありませんでした。
この本は出来事の羅列ではなく、背景もきちんと詳しく書かれているため、ストーリーとしてストンと頭に入ってきます。今までの点と点の知識が線となる感覚を味わえています。大変面白いコラムも豊富です。
本家山川が出しているだけあって、執筆陣には有名大学の教授陣がズラリ。
内容の網羅性と正確性においてこの本に勝る世界史の一般書はないでしょう。
色々な知識や経験を経たからこそ、社会人であるからこそ面白いと思えるのかもしれません。
ただ用語数もそれなりにありますので、全くの初学者が面白いと思えるかはわかりません。",5.0
https://www.amazon.co.jp/product-reviews/4634030888/ref=cm_cr_arp_d_paging_btm_next_2?pageNumber=2,日本史　世界史　全面改訂ということで両方購入。　　ゆっくり世界史を読んでいきます。　低価格ですが内容の良い本信頼のおけるものですです。,5.0
https://www.amazon.co.jp/product-reviews/4634030888/ref=cm_cr_arp_d_paging_btm_next_2?pageNumber=2,"1995年版も2008年版も持っていますが、また買い直しました。相変わらず分量の多さには圧倒され、歴史が苦手な私には気が遠くなってしまいます。しかし歴史への興味は持っており、経済・金融・政治などの社会学について知ろうとすると、どうしても歴史を知らなければ十分に理解できないと痛感してきたため、歴史の受験参考書としての王様のような本書に本気で取り組もうと思いつつあります。
ところで内容は、やはり教科書と同じような構成で書かれているために「近隣諸国条項」の影響を強く受けていると感じざるを得ません。本当に客観的な歴史を知ろうとする場合、これ1冊のみでは不可能だと思います。いくつもの出版社から世界史全集が出されているので、そのような文献を参考にしながら勉強していきたいと思います。",2.0
https://www.amazon.co.jp/product-reviews/4634030888/ref=cm_cr_arp_d_paging_btm_next_2?pageNumber=2,"素晴らしい。その一言に尽きる。
歴史好きだが教科書は面白くない、もしくは説明不足感がある、という人は是非買うべき。

教科書の完全版と言うべき内容。正直こっちが教科書でいい。説明不足を感じる所が教科書に比べ遥かに少なく、コラムが豊富。教科書と同じく数百頁の上内容が2倍になっているが、流れがしっかりしているので読みやすさはこちらの方が勝る。

ただ、この本は相当内容が濃いので歴史が嫌いな人、本をあまり読まない人には向かない。無論、そのような人がこの本のレビューをチェックする事はまず無いだろうが。",5.0
https://www.amazon.co.jp/product-reviews/4634030888/ref=cm_cr_arp_d_paging_btm_next_2?pageNumber=2,"他の方も書かれておる通り、詳説日本史研究の評判があまり良くなかったので心配しておりましたが、こちらの方は旧版と比べて大幅な改定があったようです。
また、書店に置いてあった旧版よりも薄くなってるとは思いましたが、紙がペラくなったという印象は受けず、内容が整理整頓されたように感じました。
また、やたらめったら詳しい記述に徹する訳ではなく難関大であろうと用語だけ押さえておけば良いものは書かれていないのもいいところだと思います。
(例えばイドリース朝など)",5.0
https://www.amazon.co.jp/product-reviews/4634030888/ref=cm_cr_arp_d_paging_btm_next_2?pageNumber=2,"山川の教科書「詳説世界史」を掘り下げた概説書です。
以下は第１章だけ読んだ印象です。
意欲ある高校生が読める、教科書より深くて手に入りやすいような類書があまり他にないのかも。

第１章はオリエントと地中海世界と題して、古代オリエント・ギリシア・ローマを概説します。
全体的には教科書は立ち入らないが重要な点を記載していて良いと思います。読みやすさもある。
ギリシア・ローマ史については詳細で興味深い指摘もありますが、オリエントについては記載の粗が目立ちます。
参考文献についてもオリエント関連はほとんど挙げられていない。
以下、適当に気になった点を挙げます。

・オリエント諸国の変遷を描いた表で、ウル第３王朝やバビロン第１王朝が滅んだ後も残っている。
・バビロン第１王朝の版図にスサが含まれていて、ハンムラビ法典がスサで発見されたとある。スサは当時からエラムの勢力下では？　ハンムラビ法典についても、紀元前１２世紀にエラムのシュトルク・ナフンテ１世が、アッシリア支配下のバビロニアのシッパルから奪ってスサまで運んだもので、やや丁寧さに欠けると思う。
・ハンムラビ法典のコラム説明で突然「イシン王朝のリピトイシュタル法典」が出てくる。ウル第３王朝が滅亡した後のイシン・ラルサ時代について本文で全く記載がないのに、ここだけ出すのは不親切。
・ヒッタイトの滅亡と共にヒッタイトが独占していた製鉄技術がオリエント各地に流出したとある。これはヒッタイト王の手紙を根拠にした旧説で、現在、製鉄技術をヒッタイトが独占していたとは考えられていない。
・古代エジプトは全般的に記述が浅く、教科書と変わらない部分もある。
・先王朝時代のバダリ文化、ナカダ文化の記載なし。エーゲ文明でクレタ文明に先立つキュクラデス文明を掲載しているのに比べると寂しい。
・古王国時代ではピラミッドの話が詳細だが、マアトの維持のための王の役割の変化など、後のエジプト史に関わる記載があってもよいと思う。
・中王国時代首都がテーベに移ったとだけあるが、中王国時代に首都がテーベにあったのは、第１中間期にヘラクレオポリス王朝を征服した第１１王朝時代の５０年ほどであり、その後は第１２王朝のアメンエムハト１世によって下エジプトのイチ・タウイに移されている。これは王位を簒奪したために古王国の伝統を継承して王朝の正当性を主張する必要のあった第１２王朝にとって対外戦略的にも重要な事案であり、その後２００年続いている。誤解を招く不親切な記述。
・「アメンホテプ４世」と表記しながら「アモン神」と表記するのはいかがなものか。ヒエログリフの音価は母音を表さないので、母音を勝手に（通常e）挟んで読むが、異なる母音を入れるのはそれを理解しているとは思えない。
・アメンヘテプ４世の新都を「テル＝エル＝アマルナ」と記載しているが、一代で放棄された都市にテル（重なった遺丘）は相応しくない。
・ラメセス２世の節。「カデシュの戦いでヒッタイトと戦って和睦にいたった。」とあるが、これではよくわからない。エジプト・ヒッタイト両国は痛み分けに終わった戦後の冷戦状態の後、おそらくは海の民とアッシリアを脅威に思って利害が一致し和睦した。内容が確認できる最古の平和条約であることも一言書けばより面白みが増したと思う。
・デロス同盟の結成が前487年とあるが、前478年の誤りだろう。
・カンネー、エデッサ（カルラエ）、トイトブルク森等、地図上に戦闘があったことを示しながら、本文中では戦闘名を出しておらず、著者の意図を掴みかねる。
・原始キリスト教の設立については聖書を読まされているのかと思うほど詳細。",3.0
https://www.amazon.co.jp/product-reviews/4634030888/ref=cm_cr_arp_d_paging_btm_next_2?pageNumber=2,"10年ぶりの全面改訂ということで、旧版と軽く読み比べてみました。
ページ数が20ページほど減っています。内容が精査されて、全体的に読みやすくなった印象があります。特に、コラムや地図が良質だと思います。
ただし、あまりにも詳細だった内容がカットされているという面もあるので、旧版のほうがマニアックな単語は多かったかもしれません。",5.0
https://www.amazon.co.jp/product-reviews/4634030888/ref=cm_cr_arp_d_paging_btm_next_2?pageNumber=2,"高校レベルの世界史を知らない人は常識がない

それが現代「世界」",4.0
https://www.amazon.co.jp/product-reviews/4334034691,"著者の「はじめに」でハプスブルク王朝が理解。「あとがきの名画で読み解く」が納得できます。
スイスの一豪族から大出世。偶然ころがりこんだ神聖ローマ帝国皇帝の地位（選ばれた基準が・・・ルドルフ一世（１３世紀））から
品格のあるフランツ・ヨーゼフ皇帝（1916年）まで650年の王朝時代。
年表ですと1922年（カール一世）までなんですね。
マリー・アントワネットとエリザベートに興味のある方は読まれると二人の美女の悲哀に同情しますよ。きっと。",5.0
https://www.amazon.co.jp/product-reviews/4334034691,"ハプスブルグ家の大河ドラマが総集編で理解できます。
農奴制と絶対王政と、日露戦争と。
ぶつ切りでしか世界史授業では習わなかったけれど、
ロシアの国の成り立ちが興味をもって理解できました。",5.0
https://www.amazon.co.jp/product-reviews/4334034691,"中野京子氏の文章が好きで、絵画シリーズをいろいろ読んでいます。この本もとても興味深く、あっという間に読みました。
私の勤めている会社は本社がオーストリアで、ときどき出張しますが、かつての欧州の覇者・ハプスブルク家の栄光は・・・建築物、お城は素晴らしいです。でもウィーンの同僚たちはハプスブルクにあまり興味のない人が多く、日本人の私が一番よく知っているみたいな感じです（笑）",5.0
https://www.amazon.co.jp/product-reviews/4334034691,"興味深く、とても楽しく読ませて頂きました。

中野京子さんの本は「怖い絵」で知りましたが、
分りやすく読みやすい文章と、
読んでいるうちにワクワクさせてくれる文章。

読み終わる頃になると、
「あー、まだ終わらないでー！」と思わせてくれる本です。
とても楽しめました。たまに読み返したいと思います。
ありがとうございました♪",4.0
https://www.amazon.co.jp/product-reviews/4334034691,結局、中野京子作品の、名画シリーズ、ブルボン、ロマノフそして、さんざ読んだハプスブルクも購入。作者によって、その歴史をいかにわかりやすく、面白く読み解いていけるかが、歴史本の面白いところ。断片的なストーリを３シリーズ読むだけでも、歴史初心者にとっては、次の段階に進むいいきっかけになる。それに匹敵するのがこの中野京子氏の作品。かんり歴史通にとっても、夜眠る前にちょうど良い長さにまとめてある。,4.0
https://www.amazon.co.jp/product-reviews/4334034691,名画で読み解く ブルボン王朝 12の物語 (光文社新書) 怖い絵美術館のショップで気まぐれに買った怖い絵シリーズにハマって7冊も買ってしまいました。どれも面白かったですが、内容は結構カブっていますので、1冊目の元祖本と、このハプスブルク家と、ブルボン家を手元に残しました。詳しい感想はブルボン家の方のレビューへ書きました。,5.0
https://www.amazon.co.jp/product-reviews/4334034691,栄光のハプスブルグ家と思いきや悲しみのハプスブルグ家で面白かった。,4.0
https://www.amazon.co.jp/product-reviews/4334034691,"この先生の本は予備校で人気講師に習ってるみたいにわかりやすく面白いのが特長です。
ひとりひとり、１２人のハプスブルグ家の王族を解説していくんですが
最初は順にただ読んでいくだけだったのが、徐々に、あ、これもハプスブルグだったの？ってバラバラだったのが次々に親戚・遠戚子孫として繋がっていき、ハプスブルグの壮大な家系の歴史になってしまう、名画の解説にもなっている
素晴らしい本です。読みやすく面白く、わかりやすい。凄くためになります。
これだけの本なのに新書で携帯もしやすいですね。",5.0
https://www.amazon.co.jp/product-reviews/4334034691,数年前、ハプスブルク家の絵画展に行って以来とても興味があったので、是非読んでみたいと思っていたところ、こちらで見つけることができ早速注文しました。2日程で届き迅速な対応ありがとうございました。,5.0
https://www.amazon.co.jp/product-reviews/4334034691,"ウィーン旅行の準備として読みました。美術館でそれぞれの絵を前にして、それぞれの物語を頭の中で再現しながらの鑑賞でした。
ハプスブルグの家系によりいっそう興味が持てました。",5.0
https://www.amazon.co.jp/product-reviews/4334034691/ref=cm_cr_arp_d_paging_btm_next_2?pageNumber=2,絵画に込められたメッセージを理解すると鑑賞の楽しみが増します♪,5.0
https://www.amazon.co.jp/product-reviews/4334034691/ref=cm_cr_arp_d_paging_btm_next_2?pageNumber=2,一つ一つ歴史在り。じっくり鑑賞します。時代をかんがえながら。,5.0
https://www.amazon.co.jp/product-reviews/4334034691/ref=cm_cr_arp_d_paging_btm_next_2?pageNumber=2,"中野京子氏の作品は、「怖い絵」'@、'Aから入りました。
あれではまってしまい、徐々に他の作品も読み進めています。

中世ヨーロッパを牛耳った王朝のひとつ、ハプスブルク王朝。血族の大筋としては、スペインとオーストリアに分かれていますが、その2つは近親婚という形でいつもからみあっています。そして、イギリスの王朝とも・・・

美貌で名高いエリザベート皇后、狂女フアナ、16人もの子供を設けて政治でも辣腕をふるったマリア・テレジアと凡才な末娘マリー・アントワネット、""成り上がり""ナポレオンと結婚したマリア・テレーズと、二人の（なぜか美形の）子供ラインシュタット公…
歴史に名高い王族の恋、陰謀、そして生と死…彼らの人生に思いを馳せるとき、人間の生き様の悲喜こもごもについて、考えさせられます。…あと、単純に、面白い！とかびっくりする話で満載です（かなりげんなりする話も有）。

肖像画や王朝画など華やかな絵画とともに彼らの人生を紹介した、歴史絵巻です。興味深いです。",5.0
https://www.amazon.co.jp/product-reviews/4334034691/ref=cm_cr_arp_d_paging_btm_next_2?pageNumber=2,海外旅行でウィーンに行くので、旅行を楽しむための予習としてこの本を読みました。歴史はあまり知らないのですが、この本は構成が素晴らしく、インパクトのあるエピソードが満載で、一気に読み通すことができました。気取らない簡潔な文章であることもよかったです。12個出てくる名画のうち、半数くらいは、歴史の教科書などで見たことがあったのですが、その絵のもつ意味は知らず、1つ1つの絵が様々な意味をもつことを知りました。特にインパクトのあったのは「狂女ファナ」です。ウィーン美術史美術館に、12個のうちのいくつかがあるので、よく鑑賞してみようと思います。,5.0
https://www.amazon.co.jp/product-reviews/4334034691/ref=cm_cr_arp_d_paging_btm_next_2?pageNumber=2,"本自体の痛みは、なくキレイでしたが…
あちこちのページ下に 実印のような 難しい漢字の印が朱肉で しっかりと押されていました。
何かイタズラなのか！？試し押しにしては
、多過ぎで…ちょっと怖いです。",1.0
https://www.amazon.co.jp/product-reviews/4334034691/ref=cm_cr_arp_d_paging_btm_next_2?pageNumber=2,"本書を彩る美しいアクセントとして大きく取り上げられた絵画は、次の十二点。
◆アルブレヒト・デューラー『マクシミリアン一世』（1519）
◆フランシスコ・プラディーリャ『狂女フアナ』（1877）
◆ティツィアーノ・ヴィチェリオ『カール五世騎馬像』（1548）
◆ティツィアーノ・ヴィチェリオ『軍服姿のフェリペ皇太子』（1551頃）
◆エル・グレコ『オルガス伯の埋葬』（1586頃）
◆ディエゴ・ベラスケス『ラス・メニーナス』（1656）
◆ジュゼッペ・アルチンボルド『ウェルトゥムヌスとしてのルドルフ二世』（1591頃）
◆アドルフ・メンツェル『フリードリヒ大王のフルート・コンサート』（1852）
◆エリザベート・ヴィジェ＝ルブラン『マリー・アントワネットと子どもたち』（1787）
◆トーマス・ローレンス『ローマ王（ライヒシュタット公）』（1818〜1819）
◆フランツ・クサーヴァー・ヴィンターハルター『エリザベート皇后』（1865）※表紙・帯の絵は、この一部分
◆エドゥアール・マネ『マクシミリアンの処刑』（1868）

血なまぐさい政争と陰謀。血族結婚による、異様なまでに濃縮された血の呪い。運命的な政略結婚の裏に、黒々と広がる深い闇。ハプスブルク王朝六百五十年の栄枯盛衰の歴史の陰で、そうした負のスパイラルに翻弄された人たち。フェリペ二世、マリー・アントワネット、ライヒシュタット公、エリザベート、マクシミリアン etc.etc.　彼らの悲劇的な人生が、目の前に彷彿と浮かび上がり、廻り燈籠のごとく展開する妙味が、本書にはありました。
頁をひもといていくうちに、いつしか、光と翳に満ちたハプスブルク王朝の歴史のタペストリーに絡めとられ、くらくらと眩暈する心持ちになっていましたね。流石、『怖い絵』『危険な世界史』の著者だけのことはあります。読んでいて、ぞくぞくしてきました。",5.0
https://www.amazon.co.jp/product-reviews/4334034691/ref=cm_cr_arp_d_paging_btm_next_2?pageNumber=2,"内容は、平明で単純化,と思います。　ただ何故、実態がそう動いたかの理由では、私は不十分ですが。これはすべての歴本での共通ですので、これの尺度で、一般人が求める歴史本では、合格でしょうね。
ですから、まず合格、、とします。　不満　例：ウィーンの資金、金融の変動、スイスの強さ、仏の金の関係、、、これを明かさずに、軍事、帝国変動を説明されても、私は、チンプンカンプンですの。スイスフラン強固な関係の、金融の実行者の行なしですかね。それが、内部で、帝国を食い潰したのでしょうから。
異常な豪華さは、仕掛け儲けるしくみが、作られているからです。　国債の、借金の拡大、、こそ現代の知るべき点でしょう。
週刊誌まがいの、面白さは、知ったら終わりの、人の垢を、味わうようで、私は辛いのです。",4.0
https://www.amazon.co.jp/product-reviews/4334034691/ref=cm_cr_arp_d_paging_btm_next_2?pageNumber=2,"何の気なしに手に取ったら最後、一気に読みました。
今まで、美術館を訪れても通り一遍観ていたものが、この本によって
絵の裏に隠された、画家の思い・生活、モデルとなった人物の運命
が、目に浮かんでくるようで、とても楽しかったです。
その意味では、上質な推理小説を読んでいる気分でした。ブルボン王朝、ハプスブルグ家2冊出ていますが、イタリア関連、エジプト王朝関連（絵画に限らず）などあと4，5冊読みたいと思います。ぜひぜひ、中野京子さん執筆お願いします。文章がとても生き生きとしてリズムがあります。",5.0
https://www.amazon.co.jp/product-reviews/4334034691/ref=cm_cr_arp_d_paging_btm_next_2?pageNumber=2,血族結婚の末の顔の特徴や、ナポレオン、マリーアントワネット、エリザベートまでハプスブルク家と関わりがあったとは・・・！,4.0
https://www.amazon.co.jp/product-reviews/4334034691/ref=cm_cr_arp_d_paging_btm_next_2?pageNumber=2,注文後、ページの角に折れが結構ありますということでわざわざメールいただいたんですが、届いた商品はとても綺麗でした。とても良い買い物が出来ました。いうことなしで★5です。ありがとうございました！,5.0
https://www.amazon.co.jp/product-reviews/4334034691/ref=cm_cr_arp_d_paging_btm_next_3?pageNumber=3,とにかく一世、二世…とこんがらがるような名前が多く、私は前方に載っている家系図の頁に栞を挟み、誰これってなった時にすぐ開けるようにしていました。絵画のほうも中野さんが選んだ絵画（その人物が描いてあれば何でもいいという選び方ではない）なのでじっくり眺めながら読みました。次はブルボン王朝に挑戦です。「怖い絵１・２・３」で中野さんを知り、それ以来ファンになってしまった私です。今まで歴史物を敬遠していたのですが、はまりそうです。,5.0
https://www.amazon.co.jp/product-reviews/4334034691/ref=cm_cr_arp_d_paging_btm_next_3?pageNumber=3,ミュージカル「エリザベート」を観て以来ハプスブルク家には興味があり、購入しました。マリー・アントワネットやエリザベートの時代に行き着くまで、こんなにも長い歴史があったとは、この本を読むまで知りませんでした。絵画の向こうにあるものが少し垣間見れたようで面白かったです。,4.0
https://www.amazon.co.jp/product-reviews/4334034691/ref=cm_cr_arp_d_paging_btm_next_3?pageNumber=3,絵画を通し、ハプスブルグ家の歴史を俯瞰するという切り口が斬新で良い。また、内容も簡潔でわかりやすい。読了後は、これまで描いていた王族のイメージが大きく変化し、ハプスブルグ家に生まれて幸福だった人が一人もいないことに愕然とするとともに、王族の悲哀を痛切に感じた。とにかく一気に読みとおしてください。,5.0
https://www.amazon.co.jp/product-reviews/4334034691/ref=cm_cr_arp_d_paging_btm_next_3?pageNumber=3,よく易くて、助かりました　写真もきれいで、見易いです　いい本です,4.0
https://www.amazon.co.jp/product-reviews/4334034691/ref=cm_cr_arp_d_paging_btm_next_3?pageNumber=3,"著者の「はじめてのルーブル」がとても面白く、読みやすかったので他の本も読んでみたくなりこちらを読んでみました。

著者の文章は本当に読みやすく、最近あまり本を読んでも読み続けられなかった私が読める読める！
そして実はあまり興味がなかった西洋の歴史をはじめて面白いと思いました。
ハプスブルク家の名前は聞いたことがあったのですが、ヨーロッパの歴史に深く関わっている家だったんですね。
最近西洋の家が戦いを繰り広げるドラマが人気でしたが、現実の方がずっと面白い。

またこういう背景を知って絵を見るとまた見えるものが変わってくる感じ。
他の名家についての本も読もうと思います。",5.0
https://www.amazon.co.jp/product-reviews/4334034691/ref=cm_cr_arp_d_paging_btm_next_3?pageNumber=3,"""滅法面白い本！通勤電車で夢中になってしまい、久々に歩き読みしてしまいましたー名古屋の方々、マナー悪くてすいませんでした。
著者は『怖い絵』シリーズで有名になった方ですが、絵を題材に歴史を語らせたら天下一品。絵の読み解きの妙とロマン溢れる名調子で、酔わされます。今回の題材はハプスブルク王朝の方々。欧州で中世から２０世紀初頭まで約650年もの栄華を誇ったという、並々ならぬ波乱万丈、個性乱立、ド...キドキドロドロの物語。「権力は腐敗する。絶対的権力は絶対的に腐敗する（マキャベリ）」とはよく言ったもので、これを見ると、人間は分不相応な富と権力を得ると、やはりロクなことにならない、ということがよく分かります。なにしろ家訓が「戦争は他の者にまかせておくがいい、幸いなるかなオーストリアよ、汝は結婚すべし」って…単なる我欲と権謀術数の世界。しかし、他人事で笑っていられないのが企業のCSR担当でして、欧州からの企業活動への不信感は、まさにこれが背景になっている、ということがありありと分かります。日本的思想では「上に立つものの心得」というものがあり、節度や労りという心がけが要求されるんだよ、なんてこともしっかり伝える必要があるなあ、と痛感させられます。
では、著者の名文の数々を以下にどうぞ！

・神聖ローマ帝国の選帝侯たちにとってルドルフは、うってつけの人間に思えた。アルプスの痩せた領土しかない成り上がり者で、おまけに５５歳と高齢、大した財産もないから戦争能力に乏しく、皇帝の名を投げ与えてやれば、無給の名誉職でもきゃんきゃん尻尾を振って忠義を尽くし、どう間違っても他の諸侯の脅威にはならないだろう。知らないということは恐ろしい。この時点では誰ひとりルドルフの野心と底力に気づいた者はいなかった。だがまもなくそれがわかる時が来る。

・「王でもなく大貴族でもなく、貧しくてもいいから一介の騎士として気楽に生きたかった」という晩年のフェリペの述懐には、本音が混じっていたであろう。

・無事結婚申し込みの外交文書が届くと女帝マリア・テレジアはすっかり安堵し、その安堵を前にしては、たとえ娘マリー・アントワネットの相手になる王太子が凡庸で外見も冴えず、とうてい王の器ではないとの情報が入ったとしても、また、これまで一冊の本すら読み通したことのない遊び好きで浅はかな我が末娘に、強大国の王妃が務まるのかという懸念すらも、ささいなことのように思えるのだった。

・フランツ・ヨーゼフとエリザベートという不幸な夫婦は、夫婦になるべきではなかったという事実を、４５年もかけて丹念に確認しあってきただけなのかもしれない。

・ここでの彼女は今を盛りの華やかさだ。壮麗な大理石の宮殿を背に、やや斜め後ろ姿ですっくと立ち、優雅にこちらを振り向いている。自慢の髪に星型の飾りをいくつもつけ、きらびやかな金の刺繍付きドレスを夢のようにまとった姿は、まるで自らの美を誇るかのように見えて、だが憂いを含んだ眼差しの、何というあてどなさ。唇は王侯が常時示すべき微笑の形を取ってはいるものの、目は少しも笑っていない。広い空もまた、彼女の表情と同じで晴れやかさに欠け、スカートの裾から這いのぼってくる不穏な陰とも相俟って、画面に幸福感は薄い。
（絵画『エリザベート皇后』（フランツ・クサーヴァー・ヴィンターハルター）の解説）""",5.0
https://www.amazon.co.jp/product-reviews/4334034691/ref=cm_cr_arp_d_paging_btm_next_3?pageNumber=3,"2008年の本。著者は早稲田大学講師（ドイツ文学・西洋文化史）。
曰く・・・
スペインは錚々たる画家を輩出したが、ドイツはあくまで「耳の人（音楽重視）」でありオーストリア・ハプスブルクの系統には名画が少ない。
大空位時代、しびれを切らした教皇が自分で皇帝を指名しようとしたため、仕方なく人選が始められ、できる限り無能で言いなりになる男、として選ばれたのがハプスブルク伯ルドルフ（ルドルフ１世）。ルドルフ１世はアルプスの痩せた土地しかもたない成り上がり者で、５５歳と高齢で、財産も少ないから戦争能力もないのでうってつけだった。
ルドルフは、おおかたの予想に反し、皇帝に逆らうオットカルを奇襲作戦で撃破する。ルドルフによりハプスブルク家は歴史の表舞台に出た。
スペインはアラゴン王とカスティーリャ女王が結婚して成立したが、子どもたちが夭折し、王位継承者は次女ファナしかいなくなる。母イザベルが亡くなり、ファナはカスティーリャ女王となる。ファナの夫がフィリップ（ハプスブルク家）。フィリップは自ら王になりたくてフランスに接近すると義父のフェルナンドは激怒。板挟みなったファナは苦しみ、女王の冠を死守しようとする。そんな最中にフィリップは怪死。
ファナは美男のフィリップに夢中になったが、フィリップはファナに飽きてくる。ファナは徐々に精神不安定になっていく。ファナはカスティーリャ女王となるが夫と父が実権を争う。夫のフィリップが死ぬと、ファナは夫の亡骸とともにスペインの荒野をさすらいはじめる。父のフェルナンドはファナを幽閉する。ファナは死ぬまで女王の座を明け渡さなかった。
フィリップとファナの子がカール５世。カールは叔母によりフランス語でフランドル（ベルギーのあたり）にて養育される。母方祖父のフェルナンドが死去するとカールはスペイン王となる。カールの弟のフェルディナント１世はスペイン育ち。カールはスペインへ、フェルディナントはオーストリアへ送られる。
カール５世は、ファナが７５歳で亡くなった翌年に退位を表明。スペインは息子のフェリペ２世、オーストリア関係は弟のフェルディナント１世に継承させる。修道院で祈りの日々を２年ほど続けてカール５世は死去する。
カールは極端な受け口のせいで歯の噛み合わせがひどく、常時口を開けていたともいわれる。
フェリペ２世は２７歳のとき１１歳年上のイングランド女王メアリー１世とカール５世の命令により結婚。イングランドをしっかりカトリック化させるという使命があった。メアリーは若い夫を愛情を込めて迎え入れた。メアリーはフェリペの意を汲み、プロテスタントの反乱者を血祭りに上げている。このため、メアリーは、ブラディー・メアリーと揶揄された。
フェリペ２世は父の退位宣言を口実にさっさと引き上げ、病気になったメアリーに見切りをつけて次期女王候補のエリザベスに結婚を打診する。エリザベスはこの求婚を断る。幽閉中のメアリーにフェリペが密かにコンタクトをとったせいで、メアリーは謀反人としてエリザベスにより首を刎ねられる。
フェリペは次にフランス王の娘のエリザベートと婚約。フェリペの子・カルロスとエリザベートは婚約関係にあったが反故。カルロスは出来が最悪だったらしい。
フェリペは４人目の妻として妹の子のアナと結婚。アナは息子一人（フェリペ３世）を残して亡くなる。
フェリペ２世は、あらゆる書類に目を通す。若い頃はお洒落だったがだんだん黒ずくめの僧侶のようになっていく。晩年になるにつれて信仰心が篤くなり、禁欲的になる。
フェリペ３世はぼんくらで早世。息子の４世は１６歳で王位につくが無能。ただし、絵画に対する審美眼は鋭く、この４世が厚遇したのがベラスケス。
フェリペ４世にやっと授かった息子のカルロス２世は性的不能。フェリペ４世はカルロス２世に落胆する。カルロス２世は、王を見た者はみんな不安になった、常時よだれを垂らしていた、知能が低い、などさんざんな言われ方をしている。カルロス２世は３９歳で亡くなり、スペイン・ハプスブルク家は断絶する。
オーストリア系のルドルフ２世は結婚にも政治にも無関心。いかがわしい占い師、魔術師、占星術師を集めるが、当時はだれもが天使や悪魔をリアルに信じていた時代。ルドルフ２世が庇護したもっとも有名な占星術師（＝天文学者）がケプラー。
フリードリヒ大王は、女性嫌いで、母と姉しか愛さなかった。子孫を残す考えもなく、王位は甥へ譲る。
フリードリヒ大王は、当時のスーパースター。マリア・テレジアの長男のヨーゼフまで彼のファン。王は国家の第一の僕というフリードリヒ大王の改革や、大王の禁欲生活、楽器演奏の巧みさ、ヴォルテールらと交流する姿などが尊敬と憧れをかきたてた。
フランス王には「公式寵姫」がいて、彼女が宮廷の緩衝材となる。寵姫は王妃よりも広い居室を与えられ、宮廷の華やかさを独占する。その代わり、いったん政策が失敗するとすべての憎悪を引受ける羽目になる。ルイ１６世は寵姫をもたなかったせいで、アントワネットは憎悪を直接ぶつけられた。
ナポレオン１世とマリー・ルイーズの子であるナポレオン２世は、ナポレオン１世の失脚後にオーストリアに連れて行かれる。ハプスブルクの高貴なる囚人・ライヒシュタット公となる。ライヒシュタット公は次第に父ナポレオン１世を意識する。ナポレオン１世がセントヘレナ島で病死するとライヒシュタット公は声を上げて泣いたという。
ライヒシュタット公は美青年。その恋の相手と噂されたのが皇帝の次男のところに嫁いできたバイエルン王女ゾフィ。
ライヒシュタット公は若くして肺結核にかかる。死に際して、今までまったく冷たかった母のマリー・ルイーズに会えたことで安心したのか、飼い殺しのまま短い生涯を終える。死の１０日前にゾフィは二人目の子・マクシミリアンを生む。ゾフィとライヒシュタット公の子ではないかという噂が当時からあった。真偽は不明。
ゾフィの子であるフランツ・ヨーゼフは母に従順だったが、見合いにやってきたバイエルン公国のヘレーネではなく、その妹のシシィ（エリザベート）に惚れてしまい、自分の意志を押し通してエリザベートと結婚する。
ゾフィから見るとエリザベートは未熟な嫁。二人の間に生まれた子どもたちはすべてゾフィの手で育てられる。エリザベートは美容に熱中し、夫も子どもも放って旅から旅へという生活に入る。
エリザベートが親ハンガリーに傾いた遠因には、ハンガリー嫌いのゾフィへの対抗意識があった。
フランツ・ヨーゼフの弟のマクシミリアンにフランスのナポレオン３世からメキシコ皇帝にならないかというオファーが来る。当時のメキシコは内戦状態で、革命軍と英仏西の支援を受けた旧支配階級（保守派）が戦っていた。アメリカの圧力を受けてイギリスとスペインが脱落し、フランスだけがメキシコを諦めていないという状況。ナポレオン３世は現地に強力な傀儡政権を必要としており、その束ね役としてくすぶっていたマクシミリアンに目をつけた。
ナポレオン１世の子かもしれないマクシミリアンは、ナポレオン３世のオファーを受諾。ところが現地についてみれば権限はなく、フランス軍は撤退してしまう。妻のシャルロッテだけがヨーロッパに戻るが、彼女は精神の均衡を失い、そのまま城に幽閉される。マクシミリアンは現地で銃殺される。
銃殺に際して、マクシミリアンは射手に金貨を渡して顔は撃たないでくれと懇願したが、その顔が集中的に狙われたという。
みたいな話。",5.0
https://www.amazon.co.jp/product-reviews/4334034691/ref=cm_cr_arp_d_paging_btm_next_3?pageNumber=3,"「エリザベート皇后」
完璧な美人図、
255×133㎝
本人がそのまま絵になった大きさだ。
彼女の美貌は、国民の人気を一身に受けた。

「戦争は他の者に任せておくがいい。
幸いなるかオーストリアよ、汝は結婚すべし！」
これは　ハプスブルク家の家訓である。
フランツ皇帝は母に反抗して
この家訓を破りエリザベートと結婚した。
彼女は「狩りやサーカスが大好きで勉強嫌い」
大国の女王は身の丈にふさわしくない。
この二人が釣り合うはずがない。

肖像画はプロパガンダ。
国民の人気の道具だった。
彼女の幸せは現していない。

読後、彼女の美しさが悲しく見えた。",4.0
https://www.amazon.co.jp/product-reviews/4334034691/ref=cm_cr_arp_d_paging_btm_next_3?pageNumber=3,"これまで肖像画にはあまり関心がなかったが、歴史に結びつけてみると、とても興味深いものだということを「名画で読み解く○○家」シリーズで教わった。

通常の歴史書では、傑出した人物（フェリペ2世やマリア・テレジア）や歴史の岐路に登場した人物（マリー・アントワネット、フランツ・ヨーゼフ）が注目されがちだか、「名画で読み解く○○家」シリーズでは、取り立てて歴史に名を残さなかった凡人や愚人にも焦点を当てているところが面白い。

さしづめ本書では、フェリペ4世やルドルフ2世がそれに当たるだろうか。また、エリザベート皇后もその美貌ゆえに人々の記憶に残っているが、取り立てて何かを成し遂げたわけではなく、虚しい人生を送った人である。

皇帝や王家の一族に生まれついたからといって必ずしも幸せだったわけではない。身の丈にあった人生を暮らす方が幸せということか。",4.0
https://www.amazon.co.jp/product-reviews/4334034691/ref=cm_cr_arp_d_paging_btm_next_3?pageNumber=3,12枚の絵をサカナにした、11世紀初めから第一次世界大戦に至るハプスブルグ家の650年の歴史とそこに生まれたあるいは嫁いだ王家の人々の物語の本。絵に描かれた人物の人となりとその人生に加えて、画家についての短いエピソードを交えて書かれている。手慣れた文章でとても読みやすい。スイスの地方豪族から身を起こし、政略結婚などを通じて、神聖ローマ帝国だけでなく広くヨーロッパの支配者として君臨したハプスブルグ家の歴史をおもしろく読めたが、もっと地図や系図があるとわかりやすかったかと思う。,4.0
https://www.amazon.co.jp/product-reviews/4334034691/ref=cm_cr_arp_d_paging_btm_next_4?pageNumber=4,"前書きのドイツ語圏内は「耳の人」で「眼の人」ではないから、
著名な画家の作品が残っていないハプスブルグ家の系統という言葉が印象的だった。
私の世代は「ベルサイユの薔薇」世代、世界史は楽しくてたまらない。
その影響なのか海外旅行先にはヨーロッパが多かった。
美術館には著名な絵画が溢れていた。
この本のどの絵の解説も、かつてのワクワク感を思い出させるエピソードだ。
ドラマチックでえもいわれぬ感慨を引き起こす巨大帝国の末路、
領土は八分の一、人口は九分の一にという下りまで、
絵画を交えて歴史を読み込むことの楽しさが溢れている。
先行きの見えない今の時代だからこそ、却って胸打たれる。",5.0
https://www.amazon.co.jp/product-reviews/4334034691/ref=cm_cr_arp_d_paging_btm_next_4?pageNumber=4,"著者による「名画で読み解く　〜家12の物語」のシリーズ（第１作ハプスブル家ク2008年刊、第２作ブルボン家2010年刊、第３作ロマノフ家2014年刊）の、最初の作品です。
私の場合、最近読んだロマノフ家がとても面白かったので、本書も読んでみました。

オーストリアとスペインにまたがり、何百年もの間、ヨーロッパに君臨したハプスブルクを12の物語で、しかも新書版200ページで扱っているので、当然、網羅的な通史は無理です。
著者は、上手に、トピックス的に12のテーマを取り上げ、興味深く話を進めています。（著者自身が記すように、スペインの方が多く取り上げています。）
本書を読むには、もちろん最低限の世界史の知識は必要ですが、それほど深い知識のない人でも十分に楽しめる内容になっており、著者のテーマ選定、話を展開する巧みさに驚嘆します。

さらに本書の良いところは、世界史の教科書の場合、カタカナの君主名や文字での歴史の記述だけでイメージがわきにくいのですが、本書は名画で視覚的な情報が加わっていますので、イメージが定着することです。
なので、世界史の授業で今一つ興味が持てなかったという人（あるいは、世界史の学習に奮闘中の人）にとっても、興味が持てる本ではないかと思います。
本書は、とても興味深く、楽しんで読める本であり、お薦めできる本と思います。",5.0
https://www.amazon.co.jp/product-reviews/4334034691/ref=cm_cr_arp_d_paging_btm_next_4?pageNumber=4,歴史系の本は何冊も読んできましたが、あまり知られていない逸話も多く新鮮でした。文章は全く堅苦しくなく、表現も巧みでテンポがいいのであっという間に読み終わりました。素晴らしい文章、内容、絵画を同時に楽しめ、贅沢で濃密な時間を過ごせました。,5.0
https://www.amazon.co.jp/product-reviews/4334034691/ref=cm_cr_arp_d_paging_btm_next_4?pageNumber=4,比較的に有名な絵画を表題に、中世～近世に名を轟かせた一族の、その中でも特に曲者ばかりを集めた短編集と言ったところかな。ヨーロッパ史が好きなものにはたまらない内容だし、12枚だけじゃなくて本文中にも関係する絵画を挿入していたりするから、そのあたりも面白い。読みやすく簡潔に、と言った感じだから、気になったらそのあたりの時代や人物、出来事を取り上げた別の本を読めばいいし、そういう気にもさせるね。ロマノフ、ブルボンの各王朝を扱った同シリーズが出てるから、こっちも早く読みたいね。 やっぱり光文社はこまめにチェックしとかないとダメだわ。実に侮れない出版社であることよ。,5.0
https://www.amazon.co.jp/product-reviews/4334034691/ref=cm_cr_arp_d_paging_btm_next_4?pageNumber=4,"美しさで有名な皇妃エリザベートは重症な拒食症だったんですね。
若い時に嫁ぎ、美貌で注目され、その期待を裏切らないようにダイエットと美容に励み
髪を洗うときの贅沢さといったら・・笑う時には歯並びにコンプレックスがあるので歯を見せず、
その美貌も30台半ばにさしかかり陰りを見せ・・・
なんだかとても切ないとともに異様な親近感を持ちました。
彼女は皇妃なんですけど。
今時の女性たちとなんら変わらないじゃないですか。",5.0
https://www.amazon.co.jp/product-reviews/4334034691/ref=cm_cr_arp_d_paging_btm_next_4?pageNumber=4,"12の名画と共にヨーロッパ随一の名家ハプスブルク家の歴史を振り返る。

時代経過の順に書かれていてハプスブルク家の歴史が頭に入ってきやすい。
ハプスブルク家の歴史を追うことによって国の形や王政の流動性が強い日本人の感覚では分かりにくい中世ヨーロッパ史の姿がよく見えてくる。
絵画をどう描いた（どう描かせたか）という切り口も面白かった。",4.0
https://www.amazon.co.jp/product-reviews/4334034691/ref=cm_cr_arp_d_paging_btm_next_4?pageNumber=4,"上品ぶって書かれてはいるが、中身はゴシップとスキャンダルのオンパレード。これは歴史じゃない。

絵の分析も素人の感想の域を出ておらず、専門性も独創性も感じられなかった。",1.0
https://www.amazon.co.jp/product-reviews/4334034691/ref=cm_cr_arp_d_paging_btm_next_4?pageNumber=4,"650年の長きに渡り、王朝を保ったハプスブルク。
その王朝を連綿と受け継いでいった人々のドラマを
彼らの姿を描いた名画とともに示した本。

その王朝の長さと、「汝は結婚すべし」という家訓のためか
ここで語られるハプスブルクの人々の人生は、どれもドラマティック。
凡庸だと思われていたのに他者を圧倒する王となる人、
多くの美点に恵まれつつ、生涯飼い殺しで終わった英雄の息子、
美貌をきっかけに、思いがけない人生を歩むことになった皇妃、
夫を激しく愛し、狂気におちた女王。
端的ながら、個々の人生に興味を抱かせつつ
全体の流れもつかみやすい本でした。

ハプスブルク家というと、マリー・アントワネットなどの
美貌のイメージが強かったのですが
鷲鼻と受け口で、あまり美形ではないという特徴が
次々に示される肖像に現れていたのが意外でした。
（威厳や気品あふれた肖像を損なうものではありませんが）",5.0
https://www.amazon.co.jp/product-reviews/4334034691/ref=cm_cr_arp_d_paging_btm_next_4?pageNumber=4,"本書は、一枚の絵＝一つの時代を10ページ程度で解説している。
そのため、最後まで集中力が途切れずに読むことが出来る。

ハプスブルグ家や時代の流れをつかみにくいという欠点はあるが、その点は、他の本を読むことで十分に補えると思う。

ハプスブルグ家を知るための入門書としては最適だと思う。",5.0
https://www.amazon.co.jp/product-reviews/4334034691/ref=cm_cr_arp_d_paging_btm_next_4?pageNumber=4,"歴史上重要な画家であるティツィアーノやベラスケス等によるハプスブルク家に直・間接的に関わる12の名画を通して、オーストリアとスペインに跨るハプスブルク家の遍歴を楽しく読ませます。

12名画以外にもハプスブルク家に関わる名画が色々紹介されていて美術好きな方は特に楽しめますし、家系図や年表で効果的にハプスブルク家の遍歴が理解できます。そして、これまで日本人に正しく認識されていなかった（であろう）欧州におけるハプスブルク家の重要性を広めると言う点で大変貴重な書籍だと思います。

因みに私はウィーン・プラハを旅して主要な宮殿・城・美術館等を巡り、美術書や英DK社Travel Guidesの歴史の記述等を読み初めてハプスブルク家の重要性を知りましたが、本書のおかげで（抜けがあるものの）歴代の王や王妃・政敵のことが名画・画家と共により深く理解でき、｢THE ハプスブルク展｣での名画との再会が益々楽しみになりました。",5.0
https://www.amazon.co.jp/product-reviews/4334034691/ref=cm_cr_arp_d_paging_btm_next_5?pageNumber=5,"著名な絵画の中に溶かし込まれた西洋史の数奇な物語を巧みに浮かび上がらせた『怖い絵』正続編に大変感銘を受け、以来同じ著者の本を手にし続けています。最新作の本書も期待を裏切らぬ出来ばえで、中野京子という人が間違いのない書き手であるということをますます確信しました。

タイトルには「名画で読み解く」とありますが、実際のところ12の名画は読み解く対象として扱われているのではなく、数奇な物語に彩られたハプスブルク家650年の厚くて熱い歴史に分け入っていくための、敷居の低い扉として用意されています。世界史の授業では年号と人物名を丸暗記すべく四苦八苦した対象でしかなかったハプスブルク家の面々も、本書では人間くさく、時に滑稽で、そして多くは華やかではあるものの哀れな存在として読者の前に立ち現れてきます。他国との間で干戈を交えるよりは結婚と出産によって関係を深めることのほうが多かったハプスブルガーたちですから、夫婦や親子の関係に実に生々しくも身近な物語がたくさん散りばめられていることが改めてわかります。

マリア・テレジアの娘の中で一番の才女といわれフランス王妃になるはずだった十女マリア・カロリーネはナポリに嫁いだのですが、それは九女マリア・ヨーゼファが早世したため。そして順番が繰り上がり、十一女マリア・アントニアがフランス王妃になります。才媛である十女がフランス王妃になっていればフランス革命も起こらず、マリア・テレジアの十一女マリー・アントワネットが処刑されることもなかったかもしれない。このくだりは歴史のifとして興味深く読みました。

新書の限られたサイズでありながら掲載されている絵画の図版は大変美しく、特にフランツ・クサーヴァー・ヴィンターハルターの「エリザベート皇后」は、その息を呑む美しさを余すところなく伝えてくれています。日本の高い印刷技術が遺憾なく発揮された書だといえるでしょう。",5.0
https://www.amazon.co.jp/product-reviews/4334034691/ref=cm_cr_arp_d_paging_btm_next_5?pageNumber=5,"ハプスブル家を軸にヨーロッパ（メキシコまで筆は及ぶ）の歴史を１２章に分けて１２の絵（デューラー、ティツィアーノ、ベラスケス、マネ等の作品）から説き起こす、優れた入門書。２００頁ちょっとで様々な絵が随所に配置されており、文章の量は多くないが、内容は濃い。扉の絵それ自体の見所や歴史的位置づけはもちろん、その絵の主人公の生涯を中心に、各章の時代の出来事や様々な人物の興味深いエピソードが盛り込まれ、ハプスブルク家の勃興から衰退までの６５０年を、周辺国の事情とともに簡潔に大変読みやすい文章で記している。１２章の扉の絵にはハプスブルク家ではないプロイセンのフリードリヒ大王が含まれているが、これは好敵手との関係を中心にマリア・テレジア及びその時代を述べるためで、女帝の肖像画も掲載されている。

入門書でありながら、フリードリヒ大王がフランス語しか使わなかったことや、ハプスブルク家の血をひくナポレオン２世の生涯等は本書で初めて知った。本書がわかりやすいのはやはり絵の力。例えば、フェリペ２世と結婚したイングランド女王メアリー１世、ライバルとなったエリザベス１世等の肖像から、その人となりが自ずと浮き上がる。カール５世の存在感は抜群だ。そういう絵の力を改めて感じた。

カラーの図版は美しい。「ラス・メニーナス」が見開き２頁にわたり、一部見にくい部分があるのが唯一惜しまれる。華麗な一族に関心を持った人には、江村洋氏の「ハプスブルク家」「ハプスブルク家の女たち」を薦める。",5.0
https://www.amazon.co.jp/product-reviews/4334034691/ref=cm_cr_arp_d_paging_btm_next_5?pageNumber=5,"神聖ローマ帝国の皇帝として君臨したハプスブルク家の黎明期から終焉までを、画家によって描かれた絵と関連付けて説明していくユニークな本。物語の主人公は皇帝に限定されず、分家のスペイン王家だったり、嫁いできた皇妃だったり、他国に嫁いだ娘だったりする。普段見慣れた絵でも、思わぬエピソードがあったりしてなかなか面白い。
個人的には、スペインのカルロス2世のグロテスクな絵がなかなか興味深かった。近親婚を繰り返した結果、スペイン王家では死産の比率が高まり、子供が育たなかった。カルロス2世の父は妹（マリア・アナ）の娘（姪）と結婚した。カルロス2世から見れば、マリア・アナは、叔母（父の妹）であり祖母（母の母）であった。マリア・アナの父（叔母の父かつ母の父＝曾祖父）はスペイン王フェリペ3世（父の父＝祖父）である。気持ち悪さを通り越えた怖さを感じた。",5.0
https://www.amazon.co.jp/product-reviews/4334034691/ref=cm_cr_arp_d_paging_btm_next_5?pageNumber=5,"中野さんの名画シリーズは愛読しています。
ブルボン家もロマノフ家も持っていますが、ハプスブルク家が私の商売上(音楽)、一番、参考になりました。

この本に収録されている絵画のいくつかはウィーンの美術史美術館で鑑賞できますが、あまりの広さに駆け足で２日、本当は１週間かけて観たかったです(/'△`＼)そのためのガイドブックに十分なります。

フェりぺ４世やその娘、マルガリーテ王女(ラヴェルの亡き王女のパヴァーヌの元？)、フェリペ２世とドン・カルロス(ヴェルディの【ドン・カルロ)、など、音楽のインスピレーションにもなったりなり得る作品が一杯！

ヴィンター・ハルターのシシーは本当に実物綺麗な絵です。

マクシミリン大公処刑時着用の服も実物も見ましたが、、、、。絵って怖いですね。",5.0
https://www.amazon.co.jp/product-reviews/4334034691/ref=cm_cr_arp_d_paging_btm_next_5?pageNumber=5,"実物の絵を見てから（プラドのラス・メニーナス）、この本を読んだので、絵の時代の背景、事情、画家について、カラーの名画も本の内容も、すごく面白く読みました。
ハプスブルク家はオーストリアって思っていたので(無知でした)、スペインとこんなに深いつながりがあって自分は世界史ずいぶんさぼっていたな〜と反省。
こんなに面白かったんですね。
それにしても、違う画家の描いたものなのに、親子や親類の似ている事にも興味深いです。",5.0
https://www.amazon.co.jp/product-reviews/4334034691/ref=cm_cr_arp_d_paging_btm_next_5?pageNumber=5,"絵画展に行って見た絵にこんないろいろな背景があったなんて、驚きでした。
一つ一つがとても興味深く、あっという間に読み終わりました。
次にそれらの絵を見る時は、また違った感じで見ることができると思います。",5.0
https://www.amazon.co.jp/product-reviews/4334034691/ref=cm_cr_arp_d_paging_btm_next_5?pageNumber=5,"「名画で読み解くハプスブルグ家の物語」は一編一編の凝縮された文章にはさまざまなドラマが秘められていて読むたびに新しい発見があり、想像力をかきたてられます。何しろお話の展開が鮮やかでスリリング。しかも「名画で読み解く」物語という切り口は具体性があって、歴史の流れが掴みやすい。肖像画は優れた画家の手にかかると素晴らしい表現力を持つものなのですね。世界史を理解する上でその役割の大きさを痛感。ハプスブルク家の興亡の歴史をとびっきりのエピソードを交えた物語で鳥瞰できる贅沢を存分に味わいました。
まずハプスブルク家最初の神聖ロー帝国皇帝ルドルフ一世の成立からして愉快。こういう選ばれ方って現代にもありそう。で、そこから６５０年にもわたるハプスブルク家の歴史が始まるわけですから歴史って面白い。登場人物たちの何と強烈で多彩なこと。傑出した英雄マクシミリアン一世やカール五世。かと思うとアルチンボルドという特異な画家にあの奇妙な肖像画を描かせたルドルフ二世。政治に無関心で、世界の珍品・名品の膨大なコレクションはじめ錬金術・占星術に夢中の皇帝を想像するだけでも興味津々。また、悲劇の王妃フアナ、マリーアントワネット、マリー・ルイーズ、エリザベートたち。女性たちの煌びやかな宮廷生活の翳の部分ですね。「カルロス二世」も強烈。同じ著者の『怖い絵』や『危険な世界史』でも別の視点から描かれていましたが、”高貴な青い血”存続のためのとはいえ、ハプスブルク家の終焉を予感するかのような迫力満点の肖像画にぞっとしてしまいます。他にも挙げだすとキリがないほど。
歴史上の偉大な人物も、このように生き生きと語られると身近な存在となってくるから不思議です。世界史をもっと知りたくなる愉しい入門書となりました。",5.0
https://www.amazon.co.jp/product-reviews/4334034691/ref=cm_cr_arp_d_paging_btm_next_5?pageNumber=5,"戦わずして､結婚を通じてヨーロッパ制覇というハプスブルグ王朝の盛衰は近親結婚の怖さを思い知らされる。
ヨーロッパを王族が横断的に支配し､一般民衆は置き去りの構図が良くわかる。

この傾向は現在の欧米の会社内の習慣にも反映されており､留学時代に実習した大企業の職員トイレは施錠されており、現場作業員は使用不可であった。カフェテリアの差別も同じ。

お手本と言われている欧米の民主主義にまつわる問題は複雑である。

西洋社会の実体理解の一助として有益な書物。",5.0
https://www.amazon.co.jp/product-reviews/4334034691/ref=cm_cr_arp_d_paging_btm_next_5?pageNumber=5,"ハプスブルク家のそもそもの起源から始まって､一族が歴代神聖ローマ帝国の皇帝になっていくさまを「序章」で簡単に紹介している。これが実にいい｡　長ったらしい西洋史とかハプスブルクの専門書を読むまでもなく、本書の数ページを読むだけで、アマチュア西洋史ファン、アマチュア西洋絵画ファンにはこれで充分である｡

また、冒頭の簡単な｢ハプスブルク家系図｣が巧くまとまっていて、これまたなかなかいい。

オーストリア・ハプスブルクとスペイン・ハプスブルクを分けて、それぞれ所縁の人物を描いた絵画６作品ずつと画家を紹介している｡
スペイン・ハプスブルク家の歴史は1500年生まれのカール五世に始まり､1700年に死亡した「呪われた子」カルロス二世までのちょうど200年の歴史。

それにしてもハプスブルクというヨーロッパの名家は、実に様々な人物を生む。スペイン系は「青い血」の血統を重視しすぎ、血が濃くなってしまったがゆえに、滅んでしまった、その過程を如実に絵画に表現する画家もすごいが、これを描かせた皇帝自身も実に変ではないか。

中野の書く美術書・歴史書は実に読みやすく、その文章力は「怖い画」「怖い画２」で既に十分に評価されているところである。よく売れているこの２冊と読み比べてみるのも面白いが、マリー・アントワネット周辺で同じ著者の「危険な世界史」と内容的にカブっているのは、若干興醒めではある。",5.0
https://www.amazon.co.jp/product-reviews/4334034691/ref=cm_cr_arp_d_paging_btm_next_5?pageNumber=5,"「ハプスブルク家」に関する本は非常に多くありますが、これほどコンパクトに書かれていて、しかも６５０年の歴史が理解できる本は珍しいと思います。

それは、「絵」と言うものの力だと言えるかも知れません。
それほどここに登場する「絵」が、私たちに語りかけてくるものが多いと言うことでしょう。

近親結婚を続け「青い血」を守り抜いたが故の悲劇がここにはあります。
又、政略結婚が生んだ悲劇もあります。

「世継」を作らなければならないと言う至上命題もあり、そうした星の下に産まれた運命を彼らがどう捉えて生きたのか、その「声」が聞こえてくるような、そんな本でした。",5.0
https://www.amazon.co.jp/product-reviews/4334034691/ref=cm_cr_arp_d_paging_btm_next_6?pageNumber=6,"「はじめに」で著者が述べているように、スペインに対してドイツ語圏
は、あくまで「耳の人」（＝音楽の人）であって、「眼の人」（＝絵画の人）
ではないので、オーストリア・ハプスブルク系統には名画と呼べるものが
少ないため、本書に取り上げられているのは、肖像画などの絵画が残っ
ているハプスブルク家の人物だけである。
もちろん、ハプルブルク家の歴代の主要人物についても、本文中で
触れられているが、不十分である。
ハプスブルク家の歴史を知るためのとっかかりとして、本書はなかな
か面白く読めるが、このあとは、例えば「ハプスブルク家」（講談社現代
新書）などを読んで、ハプスブルク家の歴史の全体像をつかむのが良い
と思う。",4.0
https://www.amazon.co.jp/product-reviews/4334034691/ref=cm_cr_arp_d_paging_btm_next_6?pageNumber=6,"ヨーロッパ、ハプスブルク家、
という響きからは華やかで手の届かない優雅な世界をつい想像してしまいがちです。
しかしながらこの本を通して華やかさの舞台裏を覗き見る事が出来た様な感覚に陥ります。
例えば王女ファナ。
その置かれた立場の複雑さから精神に異常をきたしてしまい、亡き夫の亡骸とともに荒野を幾日にもわたってさすらう。
それも大勢の従者を引き連れて・・・。そして最終的には人生の多くを幽閉されて過ごすという、通称「狂女ファナ」。
彼女が送った激しい人生のストーリーを読んだ後に荒野をさすらう彼女の絵を見るとそれはそれは鬼気迫るものが伝わってきます。
絵を見ただけでは「なんだか不穏なものを感じる」としか思いませんでしたが、中野さんが紡ぎだす物語を読んだ後に見た絵はとても味わい深くなっています。

全ての絵が同じ様な具合に、読み進めた後に戻って眺めると、「おぉ、確かにそんな雰囲気が出てるわぁ」とか「そういう意図がこめられているのね」と味わい深く眺める事が出来ました。

それにしても、ヨーロッパの様な他民族・多言語社会のトップに立つ上で絵画というものの役割は大きいんですね！
道理でヨーロッパの絵画は充実してる訳だ！と思いました。",4.0
https://www.amazon.co.jp/product-reviews/4334034691/ref=cm_cr_arp_d_paging_btm_next_6?pageNumber=6,"本の表紙からは想像できないですが中身は西洋の人物画が多く取り入れられています。紙の質も良く、個人的には光文社新書じゃなくて普通に単行本としてもよいのにと思いました。

タイトルに１２の物語とありますが確かに本書は12章にわかれています。しかし文章が面白いと書いたとおり物語が完成していて、各章の区切りを全く意識せずに最後まで読み切ってしまいました。
章の最初にはライトを当てた人物が描かれた風景画や肖像画が美しくのせられて、文章の中で歴史と絵の説明を交えながら解説してくれます。それによって人物への印象も深まり、最初はただの絵だと思っていたものに実はそんな意味が含まれていたのかと驚きやそれを描いた芸術家の才能の片鱗を感じるのです。

マリー・アントワネットのところでは彼女の結婚契約書の写真を例に、彼女のサインだけが字がだんだんと右下がりになっておまけに黒インクをたらした跡もはっきり写っていて、作者の文章ともに興味深くも面白いなーと。

他にもP110.「イギリスではフェリペ2世の妻メアリー女王が、ブラッディー・メアリーぶりを発揮して、プロテスタントたちの首を切りまくっている時代なのである。」など、文章の歯切れがよいというか読んでいて面白いですね。
とても面白く、そして優れた本だと思います。

最後に、菊池良生の「神聖ローマ帝国」を読んだ上でこれを読んだのでいろいろ知識の補完にもなりました。逆にこれを読んだ方は神聖ローマのほうもストーリーに関連がありますし、どちらも優れた名著ですので読むことをお勧めします。",5.0
https://www.amazon.co.jp/product-reviews/4334034691/ref=cm_cr_arp_d_paging_btm_next_6?pageNumber=6,"ハプスブルク家といえば、最近では『エリザベート』のおかげでウィーンの王宮にシシィミュージアムが出来たりと、ちょっとしたブームの感がある。
しかしながらハプスブルク家は鷲鼻で下顎突出のどちらかといえば醜貌の家系であり、ドイツも絵画より音楽の土地柄ゆえに絵画それ自体での評価はイマイチだ。しかし、スペイン系のおかげでベラスケスの『ラス・メニーナス』やプラディーリャの『狂女ファナ』などいい絵も残っている。本書で紹介されている絵画もウィーン美術史博物館ではなく、プラド美術館（スペイン）のものが多い。ハプスブルク家は物語には事欠かないので、そうした物語が絵画の魅力を補強している。",4.0
https://www.amazon.co.jp/product-reviews/4334034691/ref=cm_cr_arp_d_paging_btm_next_6?pageNumber=6,"高校世界史教科書ではハプスブルクの記述が少ないので「ドイツ」史が少々理解しにくい。
その間隙を埋める最初の一歩としても本書は適当なものだと思う。教科書を一通り読んだ程度の知識で読める手軽な歴史本だと思う（いや、逆に教科書を後に読む方がいいかも）。絵画も知れるしお得。
僕は政治史関係は初めて読んだのだけど、難しくなく、一気に読めた。

「ハプスブルク」という言葉がこんなに重み（重苦しさ？）のあるものだとは（最後まで読み終えて閉口した）。
幸不幸は簡単に判別のつくものではないが、総じてハプスブルク家には不幸な人が多かったような気がした。

もっと本を読んでハプスブルク理解を深化・多角化したいと思った。",4.0
https://www.amazon.co.jp/product-reviews/4334034691/ref=cm_cr_arp_d_paging_btm_next_6?pageNumber=6,絵画からハプスブルク家のエピソードを辿るというテーマが最後まで一貫していた点は良かったのですが、どうも文体や「まぁ、」を初めとする表現で少し顔をしかめてしまいました。,2.0
https://www.amazon.co.jp/product-reviews/4334034691/ref=cm_cr_arp_d_paging_btm_next_6?pageNumber=6,ハプスブルグ家の興亡を名画に描かれた人物のエピソードを通じて語ってゆくのだが、それぞれのエピソードが面白い。中興の祖がいれば、馬鹿息子もいる。努力しても報われない場合もあれば、運だけでのし上がる場合もある。人間の営みは何年経っても変わらないことに改めて納得。,5.0
https://www.amazon.co.jp/product-reviews/4334034691/ref=cm_cr_arp_d_paging_btm_next_6?pageNumber=6,"相変わらずこの著者の絵画のセレクトの良さと、絵を文章で描くかのようなディスクリプションの巧みさでグイグイ読ませます。
ベースに１２枚の名画を置き、ハプスブルク家の勃興から滅亡まで、主要人物をたどりわかりやすく、かつドラマティックに描かれています。運命の皮肉、歴史の非情、人の運・不運が、肉薄してきてのめり込むように一気に読めました。
エピソードの抽出や切り口もうまいんだな、これが。まさに「細部に神やどる」です。絶対オススメ。",5.0
https://www.amazon.co.jp/product-reviews/4334034691/ref=cm_cr_arp_d_paging_btm_next_6?pageNumber=6,"ハプスブルク家についてはほとんど無知なのですが、著者の『怖い絵』が面白かったので読ん
でみました。
最近、面白い新書が少ないなぁと思ってましたが、この本は良かったです。
僅か２００ページほどの本ですが、内容はとても濃く、ハプスブルク家６５０年の歴史を体験
したような気分になりました。
絵で歴史を辿っていくと、とてもドラマティックに感じます。
名画の威力と中野京子さんの筆力はすごいですね。
逃れられない血の運命ともいうべきものが、各章から伝わってきます。
読み易いし、面白いし、入門書としても最適だと思います。",5.0
https://www.amazon.co.jp/product-reviews/4334034691/ref=cm_cr_arp_d_paging_btm_next_6?pageNumber=6,"コンテンツも良し切り口も良しだと思います。
「カール五世騎馬像」など知らないエピソードも多々所見できました。
ハプスブルク家の荘重さと凄みのようなものが伝わってくる本です。
（欲を言えば）もっと洗練された文章で読めれば…と思いながら、頁を繰りました。
文体にやや固い、力みが感じられ、一部にやや陳腐な感じの表現もあります。
香り立つような文章を、今後の作者に期待します。",3.0
https://www.amazon.co.jp/product-reviews/4334034691/ref=cm_cr_arp_d_paging_btm_next_7?pageNumber=7,歴史って書き手の表現力・センス・想像力等で全然面白さが違うのだなと痛感しました。先日「帝冠の恋」を読みましたが特別何も感じなかったですもん。これは抜群に面白い。歴史は誰と結婚した・いつ死んだ・どこと戦争した等のいじり様のない事実はあるけども、歴史はまたそれを考え夢見る人の数だけ物語があるとも思うのです。その意味で作者の描く歴史はとても共感・得心できます。要は相性がバッチリってことですかね。この12枚の絵画を選んだ時点で勝負ありですよ。凄い人がいたもんだ。ところでハプスブルク家の家訓、これ日本の国是にいただきましょうよ。,5.0
https://www.amazon.co.jp/product-reviews/4334034691/ref=cm_cr_arp_d_paging_btm_next_7?pageNumber=7,"怖い絵からの流れでこの本を手にしました。
怖い絵が、絵の解説に重きを置いていたのに比べてこちらはあくまで歴史をひもとくのに
絵を使っている感じですモチーフの説明やとか画家のエピソードなどはありません。
西洋画も歴史も素人、というならば　怖い絵で歴史の流れと絵の見方を先に知ってから
こちらを読むとさらに楽しさ倍増です。

ハプスブルグ家というと、マリーアントワネットやエカテリーナなど、華やかで
是非もっと詳しく知りたい！と思うのですが、あまりにも血族結婚などで家計図が
入り組みすぎ、だんだんわからなくなって途中で読むのを放棄、というのを繰り返して
きました。しかし著者のさすが！のたずなさばきで、私もやっとハプスブルグ家の
流れをマスターできた気がします。おもしろかった！！",5.0
https://www.amazon.co.jp/product-reviews/4315521396,"文字写真絵などとても綺麗でよみやすかったです。色々なシリーズがあるので他のも読んでみたいですね。また購入したいと思いす。
知っていたつもりでもまた新しい発見がありとても面白く読める本です。",4.0
https://www.amazon.co.jp/product-reviews/4315521396,子供からのクイズに答えていると、つられて詳しくなった（笑）,5.0
https://www.amazon.co.jp/product-reviews/4315521396,"古代エジプト好きな小学生の娘のために買いました。
図説のようで、大人が読んでも楽しいです。",5.0
https://www.amazon.co.jp/product-reviews/4315521396,何も問題ありませんでした。本もきれいです。ありがとうございました。,5.0
https://www.amazon.co.jp/product-reviews/4480020977,"中世庶民の社会史に精通していた阿部氏が、本書の前半で賤民差別の実態とその要因を、社会史的見地からの執拗かつ鋭い洞察で解き明かしている。中世時代の差別意識は都市の形成に深く関わっていることが指摘されている。つまり同じ地方の同程度のランクの家系の出身であっても、先に都市に入って既得権益を獲得したグループはそれを温存するために後に続こうとするグループを排除しようとする。そして排除されたほうが賤民としての扱いを受けるわけだが、彼ら特有の職業というのは後からこじつけられたものが多く、著者は職業について当初から貴賤が存在していたわけではないことを説いている。ギルドやツンフトなどの相互扶助組合は、一方で余所者を排除する機能を組織的に発揮していたのも事実だろう。本書でも引用されているティル・オイレンシュピーゲルの悪戯話は、不当に扱われていた遍歴職人や賤民達の、閉鎖的社会や権力を笠に着た人々に一泡吹かせる痛烈な風刺と抵抗に他ならない。ティルの武勇談に頻繁に登場するスカトロジックな戦法は、彼の権威に対する価値観の象徴だ。

中半で興味深いのは「カテドラルの世界」の項で、贈与慣行と売買の価値観を歴史的に考察している。古代ゲルマンの長は、臣下に獲得した財宝を惜しみなく再分配し、その見返りとして長たる者の権威や兵力を維持できたが、通商の発展や貨幣の流通と共にユダヤ人に代表される商人達による富の蓄積が始まり古来からの再分配の原則に軋轢が生じる。ここに巧みに取り入ったのがキリスト教会で、有力者からの寄進を受けることによって教会側は彼らの墓所と来世を保証し、現世の罪の償いを免除するという精神的再分配の図式をひねり出した。教会に莫大な寄進や喜捨が集まる時代と、それを施した人の墓所として大聖堂が建立される時期が一致しているのも納得がいく。阿部氏の考察はヨーロッパの中でもいきおいドイツを中心とする北側の社会に多くの例を採っているが、それは彼の専門分野というだけでなく、概して気候風土の厳しい条件の下で生活を強いられた北方社会の人々に、より明確な権利の主張や差別の典型が炙り出されてくるように思える。

後半部で著者はあえて中世を離れて日本の大学のあり方、学問への取り組み方について疑問を投げかけている。日本において大学はエリート養成施設として国家によって設立され、将来の地位や経済的な安定を約束した。逆に言えば国家に忠実な人を育成する場であり、およそ学問自体を探求する喜びからはほど遠い存在だった。一方ヨーロッパで市民によって形成された数多くの協会は、文学や音楽、歴史などをお互いに学び合う階級差別のないサークルで、資格や将来の収入には無縁だったが誰にでも入会が許され、何よりも純粋に知的欲求を満たすための場が作られた。こうした自発的なカルチャー・センターが現在では大学と並ぶ高い専門知識を持った権威ある協会になった例も少なくないようだ。阿部氏は「学問することが有利な就職や社会的上昇の前提となっているところでは、真の喜びにあふれた知的探求は望むべくもない」と結んでいる。また近代の歴史研究が科学的な分析によって行われるようになって以来、庶民の精神史が置き去りにされてしまったことも指摘している。書かれた物に頼っていなかった時代の歴史を記述しようとする時、下層の人々の精神史は無知蒙昧なものとして篩い落とされてしまうからだ。これについては阿部氏のもうひとつの著書『ハーメルンの笛吹き男』に詳しい。",5.0
https://www.amazon.co.jp/product-reviews/4480020977,"『中世の星の下で』です。
『遠く中世ヨーロッパの庶民たちはいったいどんな暮らしをしていたのだろうか。私たちはここで、例えば石、星、橋、暦、鐘、あるいは驢馬、狼など、日常生活をとりまく具体的な〈モノ〉たちと中世の人人との間にかわされた交感の遠いこだまを聞くことができる。さらに兄弟団、賎民、ユダヤ人、煙突掃除人などを論じた文章の中に、被差別者に対する暖かい眼差しを感じながら、目に見えない絆で結ばれた人と人との関係を再発見することができる。中世社会は日本を写し出す鏡でもある。』

西洋中世史の学術書です。
が、らしくないタイトルですよね。堅苦しい論文長のタイトルではなく、どこか情緒的。
書いてある内容にしても、論文調というよりは、エッセイ調という感じ。
中身でいうと、アジールについての考え方はなかなか個性的で興味深かったです。仇討ちを無制限に認める訳ではなく社会の中で安全地帯を作るというルールは、たとえばネット上で未成年が多く集まる掲示板では飲酒や喫煙の話題は自粛してください、みたいのとある程度共通するものなのかなと思いました。
やや、西欧中世礼賛姿勢が最初にありき、といった論調は目につきますが、まあ学術研究は自己研究題材を批判的な目で見るのは困難なもので、多かれ少なかれ礼賛傾向があるのは仕方ないでしょう。
テレビゲームなどでは、多少の盛衰はあれども、西洋中世世界を模した異世界ファンタジーものが常に一定のシェアを持っています。そんな人が「ヨーロッパの中世ってどんな時代なの。やっぱり暗黒時代なの」という興味を抱いた時に、とっつきやすい西洋中世概説書、といったところです。★４。",4.0
https://www.amazon.co.jp/product-reviews/4480020977,"阿部謹也が亡くなった。７０歳余である。まだ若いのに。

「欧州の中世を日本に紹介した人」というと　まずは阿部謹也だと思う。エッセイ風で万人が読みやすい。しかも　各エッセイの表題が常に詩情を湛えている点で　引き込まれる。

本書においても表題の「中世の星の下で」のみならず　「中世びとの涙」「中世ヨーロッパのビールづくり」「鐘の音に結ばれた世界」等の題がある。見ているだけで　色彩豊かな情景が浮かぶではないか。

阿部謹也の諸作を読んでいると　中世ヨーロッパと現代日本の恐ろしいほどの違いを感じる。彼は　その違いを　極めて分かり易く「翻訳」しているのだと思う。言うまでも無く　「翻訳」はとてもクリエイティブな作業だ。その華麗な訳しぶりが　彼の著書の魅力である。

小生自身は　彼にとっては　そんなに熱心な読者ではないのかもしれない。そんな小生にしても　ゆっくり読んでいると　楽しい。

しかし惜しい方が幽明を境にされたかと思う。",5.0
https://www.amazon.co.jp/product-reviews/4120052249,"自分も以前からアメリカは第２次世界大戦後の戦争に、
負け続けたのはナゼと不思議でしたが、
この本を読んで納得しました。
世界最強の軍隊が有っても、
当時の大統領に正確な現状認識や戦略が無かったからだったのです。
世界に張り巡らせたCIAの情報をもってしてもです。
現職のトランプ氏は大丈夫かしら?",5.0
https://www.amazon.co.jp/product-reviews/400431772X,"「なか見！検索」が出来ないので参考のため目次を記します。　「はじめに」に続いて
第1章：革新主義の時代
第2章：第一次世界大戦とアメリカの変容
第3章：新しい時代──一九二〇年代のアメリカ
第4章：ニューディールと第二次世界大戦
第5章： 冷戦から「偉大な社会」へ
第6章：過渡期としてのニクソン時代
本書は1901年から1973年までの米国史。教科書的な本で所謂面白い本でもないし易しい本でもない。途中で挫折しそうになりましたが、第3章の大恐慌(p119)当りから急に易しくなります。本書の難しい理由は
・膨大な人名、専門用語が出てくるが説明がない。・・・あとがきに註記が不十分である点は心残りとある。
・多数の略語（例NAACP)が出てくるが日本語訳は初出の1回のみ
逆に考えると、こんなコンパクトな本から随分多くの事を学ばせて頂いたという意味で良書と云える。理解とは程遠い状態であるのでNetを辞書替わりにして再読する予定。",4.0
https://www.amazon.co.jp/product-reviews/400431772X,"アメリカ流の合理的な社会の改善策が実行される中で、そこからこぼれおちた貧困など様々な問題がエスノ・レイシャル（Ethnoracial、人種・民族的）な問題だと解釈され、黒人差別などが1960年代まで解決されなかったことが描かれていると感じました。

そして、ニューディーラーたちが目指したエスノ・レイシャルな問題を除いた「偉大な福祉国家」が実現したのは、テキサス出身ながら若い頃からの根っからのニューディーラーだったジョンソンが引いた後に大統領となったニクソンだったという評価は驚きました。考えてみれば、ニクソンは「名誉ある撤退」というキャッチフレーズでベトナム和平を公約して大統領選挙を戦いました。当時は欺瞞的に感じましたが、言葉の通りのことは実行したのも事実。やはり社会正義を目指す民主党政権は好戦的で、中東からの撤退を進めるトランプや古くはアイゼンハワーも含めて共和党政権は意外と平和志向なのかもしれません。

テキサスで史上最大級の油田が発見され、モルガンとカーネギーはUSスチィールを合併。再選されたマッキンリーが暗殺され、米西戦争の英雄Ｔ・ローズヴェルトが42歳で大統領になったのが1901年という出だしも印象的。19世紀に繁茂した「アメリカの自由」に対して、20世紀のアメリカは積極的に修正を試みる革新主義の時代に入った、と。しかし、貧困が社会的な問題として意識されると、それはエスノレイシャル（Ethnoracial、人種・民族的）な問題だと認識され、投票要件に識字テスストが導入される結果につながる、というのは清廉さが黒人差別などの問題を先送りしたことにつながる、という指摘になるのでしょうか(p.17-)。

オアフ島真珠湾の軍事要塞化、パナマ運河の完成はアラスカ－ハワイ－パナマ－カリブ海の防衛ラインを生んだというあたりや(p.47)、第1次大戦後の国際秩序はアジアでは中国のナショナリズムと日本の帝国主義、ヨーロッパではドイツから挑戦を受けることになったという大きな見取り図も納得的(p.119)。　コミュニティが活力を失い消費のもたらす快楽と宣伝によって受動的に結びついただけの大衆文化は、主体的なコミットメントを必須とする民主政治と両立できるか？とアパシーが1920年代に問題視されていたのですが、こうした状況は100年前と変わらないな(p.108)、と。20世紀アメリカのコンセンサスは「（経済的な）セキュリティの要求」と語ったCIOの幹部の言葉なのかも。",5.0
https://www.amazon.co.jp/product-reviews/400431772X,"今日があるのは、昨日があるからだ。今日を良く理解する為には、昨日をしらなければならない。遡れば際限がないので、21世紀の今を知るには、取り敢えず20世紀からと言うことになる。その意味で、本書は非常に有益なのだ。兎に角、網羅的だ。国際関係、国内政治、人種、移民、経済など多岐にわたる事象の推移や相互関係を簡潔にまとめてくれている。しかも項目列記に止まることなく、論点提示の形で記述している。
例えば、次のような視点だ。
「第二に、歴史的にこの「社会的なもの」と貧困の問題に向き合ったニューディールは、労働組合や業界団体、農協組織などが構成する「経済セキュリティー」の多元的レジームを形成した。それは物質主義的な分配に基づく社会統合であったと言う意味で、人種・ジェンダー的に中立であったが、現存する差別に対しては不作為で応じるしかなかった。」（本書238頁）。
いちいち取り上げればきりがないし、要約するのも私の手に余るのでここで止めるが、読んで損の無い本だと思う。",5.0
https://www.amazon.co.jp/product-reviews/400431772X,"日本人はアメリカかぶれのアメリカ知らずが多い。学校でのアメリカの歴史も一国史で学ぶので、自由と民主の国程度の浅薄な理解で終わっている。
この3冊のアメリカ史を読んで、大英帝国とたたかい独立を勝ち取る過程を通じ、戦争や暴力で自由を勝ち取ったアメリカが、南北戦争、両大戦、ベトナム戦争を通じ、革新と帝国主義、統合と分断の中から、戦争による社会変容を経て様々なアメリカ的価値観を勝ち取り、それを制度化していったことが分かる。
現代アメリカが抱える複雑な統合と分断は、このシリーズのようなアメリカと世界のかかわり、特に戦争を通じた歴史から形成されたものであることが分かる。
トランプの現代アメリカを理解するのに格好のシリーズである。",5.0
https://www.amazon.co.jp/product-reviews/400431772X,"この本の内容は一言でいうと、「２０世紀アメリカにおける人種、民族、性による差別の歴史」である。差別の対象は人種は主に黒人、民族は主に移民、性は女性。
時代は２０世紀初めから１９７４年。一応通史でなので、この７４年間の出来事・・革新時代から大戦前、大戦間、大衆消費社会、大恐慌、ニューディール、南部黒人問題、二次世界大戦、原爆、冷戦、朝鮮戦争、フィフティーズ、ケネディ、ベトナム戦争、公民権運動、ニューレフト、ニクソンまで一通りは触れられている。
しかし、各戦争における前線での経過はばっさり削られている。次に各大統領の大統領就任以前の履歴、エピソード等も大変寂しい。第一次大戦後の社会変化の中で禁酒法、性の解放等の記述はほとんどない。大恐慌後の社会混乱もかなりのあっさり記述で、すぐにニューディールにはいってしまう。戦後の第五章は核外交も、中東外交も、赤狩りも、経済繁栄も、あらすじ程度。
本書では、革新主義による社会改良、第一次大戦への参戦、それに伴う徴兵等が、国内の黒人、移民差別システムにどのような影響を与えたか、ニューディール政策とニューディール連合は差別解消に寄与できたのか、５０年代の冷戦と経済繁栄は差別解消に寄与できたのか・・そういうことが重要視されている。
題名は「アメリカ社会から貧困と不平等をなくし、世界の人々にも自由と豊かさを分け与えようという奮闘」のことをさす。
しかし、この夢はしばしば次の方向へぶれていく。
一見不平等に見えるシステムであっても、これはあなたたち（黒人、移民、女性）の安全を守り、悲惨な生活への転落を防ぐものですよ。または、未開で野蛮な国は、アメリカの支配下に入ることで、初めて自由で豊かになれるのです。
これもまたアメリカの夢。",4.0
https://www.amazon.co.jp/product-reviews/400431772X,"アメリカの近代史は人種差別が根幹にあるとしか読み取れませんでした。それほど、アメリカでの人種差別は激しく、白人優位を保つために弾圧したことが、黒人やヒスパニックなどの人々への反感につながったことを俯瞰してみてよく理解できました。
「黒人は、自分たちがアメリカ民主主義の構成要素と考えられていないと感じています(84p)」という言葉が痛切に刺さりました。

また「第一次大戦の『戦後』は、アメリカ史上類を見ない国内暴力の時代として始まった(94p)」というとらえ方がとてもよく理解できました。左翼活動家を拘束する「赤の恐怖(レッドスケア)」に関心を寄せています。連邦捜査局(FBI)の成り立ちもまたこの時代の産物です。

経済政策も保守化していくエピソードが綴られていました。特に「動員解除に伴う不況下に移民の波が復活したとき、それは非常に攻撃的な排外意識となった表出した(97p)」とあり、アメリカのヘイト運動の凄まじさを知る思いでした。1924年の移民制限法にまでつながるわけで、歴史を学ぶ大切さを再確認した思いです。
真珠湾攻撃後の「日系人の強制収容(162p)」までエスカレートしていっています。戦時下ということを割り引いても、人種差別や移民への圧力がここに激しく噴出したように受け取りました。

アメリカって常に歴史を繰り返している感じを受けました。第一次世界大戦後の「赤の恐怖(レッドスケア)」と同様、第二次世界大戦後に「マッカーシズム」が現れ、「赤狩り」として理解した行動が続きます。反省がない点もアメリカの歴史をみれば明らかです。

日本では好印象の大統領ケネディも「本格化するベトナム戦争の導火線となった(203p)」軍事支援を行っており、世界の警察としての過剰な意識が戦乱や混乱をもたらしていることは歴史が証明しています。

巻末に索引があり、そこでも探したのですが、「禁酒法」についての項目がなく、本文での記載もありませんでした。「高貴な実験」と呼ばれた禁酒法はアル・カポネを主人公とした映画にも登場しており、日本でもなじみのある法律なのに一切触れられていないのは不思議でした。シカゴを中心としたギャングの横行や、近隣諸国からの密輸も含めて、アメリカの負の歴史を知ることが、逆に健全な未来への道標になると思っていますので。

とても詳しいアメリカ近代史でしたが、筆者との問題意識が違うせいか、「禁酒法」のように知りたいことが記載してなかったのは残念です。",4.0
